,TV,Radio,Newspaper,Sales,tv_to_sales_ratio,radio_to_sales_ratio,newspaper_to_sales_ratio,sales_level,Tv_radio_intecreation,Tv_Newspaper_interaction,Radio_newspaper_interaction,TV_Range,Newspaper_Range,Radio_Range,TV_Radio_int,TV_Newspaper_int,Newspaper_Radio_int,TV_efficiency,Radio_efficiency,Newspaper_efficiency,Total_Budget,TV_share,Radio_share,Newspaper_share,TV_log,Radio_log,Newspaper_log,TV_squared,Radio_squared,Newspaper_squared,TV_sqrt,Radio_sqrt,TV_Radio_Newspaper,TV_tp_Radio_ratio,Newspaper_sqrt
0,230.1,37.8,69.2,22.1,10.411764705882351,1.7104072398190042,3.1312217194570136,High,8697.779999999999,15922.92,2615.7599999999998,High,High,High,8697.779999999999,15922.92,2615.7599999999998,0.096045197740113,0.5846560846560848,0.319364161849711,337.09999999999997,0.6825867695045981,0.11213289824977751,0.20528033224562448,5.442850517280335,3.6584202466292277,4.251348311031766,52946.009999999995,1428.8399999999997,4788.64,15.16904743218901,6.148170459575759,601886.3759999999,5.930412371134021,8.318653737234168
1,44.5,39.3,45.1,10.4,4.278846153846153,3.7788461538461533,4.336538461538462,Medium_Low,1748.85,2006.95,1772.4299999999998,Low,High,High,1748.85,2006.95,1772.4299999999998,0.23370786516853934,0.2646310432569975,0.23059866962305986,128.9,0.3452288595810706,0.30488750969743983,0.34988363072148954,3.817712325956905,3.696351468952637,3.8308129500026027,1980.25,1544.4899999999998,2034.0100000000002,6.670832032063167,6.268971207462991,78873.135,1.1042183622828785,6.715653356152326
2,17.2,45.9,69.3,9.3,1.8494623655913975,4.935483870967741,7.451612903225805,Low,789.4799999999999,1191.9599999999998,3180.87,Low,High,High,789.4799999999999,1191.9599999999998,3180.87,0.5406976744186047,0.20261437908496735,0.1341991341991342,132.39999999999998,0.12990936555891242,0.3466767371601209,0.5234138972809669,2.9014215940827497,3.8480176754522337,4.252771798816619,295.84,2106.81,4802.49,4.147288270665544,6.774953874381729,54710.96399999999,0.3667377398720682,8.324662155306964
3,151.5,41.3,58.5,18.5,8.18918918918919,2.2324324324324323,3.1621621621621623,High,6256.95,8862.75,2416.0499999999997,Medium,High,High,6256.95,8862.75,2416.0499999999997,0.12211221122112212,0.44794188861985473,0.3162393162393162,251.3,0.6028651014723437,0.16434540389972144,0.23278949462793472,5.0271645960474665,3.744787086052232,4.085976312551584,22952.25,1705.6899999999998,3422.25,12.30853362509117,6.4265076052238514,366031.575,3.5815602836879434,7.648529270389178
4,180.8,10.8,58.4,12.9,14.015503875968992,0.8372093023255814,4.5271317829457365,Medium_Low,1952.6400000000003,10558.720000000001,630.72,Medium,High,Low,1952.6400000000003,10558.720000000001,630.72,0.0713495575221239,1.1944444444444444,0.22089041095890413,250.00000000000003,0.7232,0.043199999999999995,0.23359999999999997,5.202907181743378,2.468099531471619,4.084294226368599,32688.640000000003,116.64000000000001,3410.56,13.446189051177289,3.286335345030997,114034.17600000002,15.322033898305085,7.64198926981712
5,8.7,48.9,75.0,7.2,1.2083333333333333,6.791666666666666,10.416666666666666,Low,425.42999999999995,652.5,3667.5,Low,High,High,425.42999999999995,652.5,3667.5,0.8275862068965518,0.147239263803681,0.096,132.6,0.06561085972850679,0.36877828054298645,0.5656108597285068,2.272125885509337,3.910021002757473,4.330733340286331,75.68999999999998,2391.21,5625.0,2.949576240750525,6.992853494818835,31907.249999999996,0.17434869739478956,8.660254037844387
6,57.5,32.8,23.5,11.8,4.872881355932203,2.7796610169491522,1.9915254237288134,Medium_Low,1885.9999999999998,1351.25,770.8,Low,Medium,High,1885.9999999999998,1351.25,770.8,0.20521739130434785,0.35975609756097565,0.5021276595744681,113.8,0.5052724077328646,0.28822495606326887,0.20650263620386644,4.069026754237811,3.520460802488973,3.1986731175506815,3306.25,1075.84,552.25,7.582875444051551,5.727128425310541,44320.99999999999,1.7011834319526629,4.847679857416329
7,120.2,19.6,11.6,13.2,9.106060606060607,1.484848484848485,0.8787878787878788,Medium_High,2355.92,1394.32,227.36,Medium,Low,Medium,2355.92,1394.32,227.36,0.1098169717138103,0.6734693877551019,1.1379310344827587,151.4,0.7939233817701453,0.12945838837516513,0.07661822985468957,4.797442073635214,3.0252910757955354,2.533696813957432,14448.04,384.1600000000001,134.56,10.963576058932597,4.427188724235731,27328.672,5.834951456310679,3.40587727318528
8,8.6,2.1,1.0,4.8,1.7916666666666667,0.43750000000000006,0.20833333333333334,Low,18.06,8.6,2.1,Low,Low,Low,18.06,8.6,2.1,0.5581395348837209,2.2857142857142856,4.8,11.7,0.7350427350427351,0.17948717948717952,0.08547008547008547,2.2617630984737906,1.1314021114911006,0.6931471805599453,73.96,4.41,1.0,2.932575659723036,1.449137674618944,18.06,2.7741935483870965,1.0
9,199.8,2.6,21.2,10.6,18.849056603773587,0.24528301886792456,2.0,Medium_Low,519.48,4235.76,55.12,Medium,Medium,Low,519.48,4235.76,55.12,0.05305305305305305,4.076923076923077,0.5,223.6,0.8935599284436494,0.011627906976744186,0.09481216457960644,5.302309387817574,1.2809338454620642,3.100092288878234,39920.04000000001,6.760000000000001,449.44,14.135062787267696,1.61245154965971,11012.976,55.5,4.604345773288535
10,66.1,5.8,24.2,8.6,7.686046511627906,0.6744186046511628,2.813953488372093,Low,383.37999999999994,1599.62,140.35999999999999,Low,Medium,Low,383.37999999999994,1599.62,140.35999999999999,0.13010590015128592,1.4827586206896552,0.35537190082644626,96.1,0.6878251821019771,0.060353798126951096,0.2518210197710718,4.206184043977636,1.916922612182061,3.2268439945173775,4369.209999999999,33.64,585.64,8.130190649671137,2.4083189157584592,9277.795999999998,9.720588235294118,4.919349550499537
11,214.7,24.0,4.0,17.4,12.339080459770114,1.3793103448275863,0.2298850574712644,Medium_High,5152.799999999999,858.8,96.0,High,Low,Medium,5152.799999999999,858.8,96.0,0.08104331625523986,0.725,4.35,242.7,0.88463123197363,0.09888751545117429,0.016481252575195716,5.373888553395111,3.2188758248682006,1.6094379124341003,46096.09,576.0,16.0,14.652644812456213,4.898979485566356,20611.199999999997,8.588,2.0
12,23.8,35.1,65.9,9.2,2.586956521739131,3.815217391304348,7.163043478260871,Low,835.3800000000001,1568.42,2313.09,Low,High,High,835.3800000000001,1568.42,2313.09,0.38655462184873945,0.2621082621082621,0.13960546282245825,124.80000000000001,0.1907051282051282,0.28125,0.5280448717948718,3.2108436531709366,3.586292865338835,4.203198967134183,566.44,1232.01,4342.81,4.878524367060187,5.92452529743945,55051.54200000001,0.6592797783933518,8.117881497040962
13,97.5,7.6,7.2,9.7,10.051546391752579,0.7835051546391752,0.7422680412371134,Low,741.0,702.0,54.72,Medium,Low,Low,741.0,702.0,54.72,0.09948717948717949,1.276315789473684,1.347222222222222,112.3,0.8682101513802315,0.06767586821015138,0.0641139804096171,4.590056548178043,2.151762203259462,2.1041341542702074,9506.25,57.76,51.84,9.874208829065749,2.756809750418044,5335.2,11.337209302325581,2.6832815729997477
14,204.1,32.9,46.0,19.0,10.742105263157894,1.7315789473684209,2.4210526315789473,High,6714.889999999999,9388.6,1513.3999999999999,High,High,High,6714.889999999999,9388.6,1513.3999999999999,0.09309162175404213,0.5775075987841946,0.41304347826086957,283.0,0.7212014134275618,0.11625441696113074,0.1625441696113074,5.323497665078335,3.5234150143864045,3.8501476017100584,41656.81,1082.4099999999999,2116.0,14.286357128393508,5.735852159879995,308884.93999999994,6.020648967551622,6.782329983125268
15,195.4,47.7,52.9,22.4,8.723214285714286,2.129464285714286,2.361607142857143,High,9320.58,10336.66,2523.33,Medium,High,High,9320.58,10336.66,2523.33,0.11463664278403274,0.46960167714884693,0.42344045368620037,296.0,0.6601351351351351,0.16114864864864867,0.17871621621621622,5.280153395920365,3.885679030088544,3.9871304779149512,38181.16,2275.2900000000004,2798.41,13.978555004005242,6.906518659932803,493058.682,4.012320328542095,7.273238618387272
16,67.8,36.6,114.0,12.5,5.4239999999999995,2.928,9.12,Medium_Low,2481.48,7729.2,4172.400000000001,Low,High,High,2481.48,7729.2,4172.400000000001,0.18436578171091447,0.34153005464480873,0.10964912280701754,218.4,0.3104395604395604,0.1675824175824176,0.521978021978022,4.231203744939298,3.6270040503958487,4.74493212836325,4596.839999999999,1339.5600000000002,12996.0,8.23407554009556,6.04979338490167,282888.72000000003,1.803191489361702,10.677078252031311
17,281.4,39.6,55.8,24.4,11.532786885245901,1.6229508196721314,2.2868852459016393,High,11143.439999999999,15702.119999999997,2209.68,High,High,High,11143.439999999999,15702.119999999997,2209.68,0.0867093105899076,0.6161616161616161,0.43727598566308246,376.8,0.7468152866242037,0.10509554140127389,0.1480891719745223,5.643324505619087,3.703768066607687,4.039536325727106,79185.95999999999,1568.16,3113.64,16.774981371077583,6.29285308902091,621803.9519999999,6.93103448275862,7.469939758793239
18,69.2,20.5,18.3,11.3,6.123893805309734,1.8141592920353982,1.6194690265486724,Medium_Low,1418.6000000000001,1266.3600000000001,375.15000000000003,Low,Low,Medium,1418.6000000000001,1266.3600000000001,375.15000000000003,0.1632947976878613,0.551219512195122,0.6174863387978142,108.0,0.6407407407407407,0.18981481481481483,0.16944444444444445,4.251348311031766,3.068052935133617,2.9601050959108397,4788.64,420.25,334.89000000000004,8.318653737234168,4.527692569068709,25960.380000000005,3.218604651162791,4.277849927241488
19,147.3,23.9,19.1,14.6,10.089041095890412,1.636986301369863,1.308219178082192,Medium_High,3520.4700000000003,2813.4300000000003,456.49,Medium,Medium,Medium,3520.4700000000003,2813.4300000000003,456.49,0.09911744738628649,0.6108786610878661,0.7643979057591622,190.3,0.7740409879138203,0.12559117183394639,0.10036784025223332,4.999237249143887,3.214867803470662,3.0007198150650303,21697.290000000005,571.2099999999999,364.81000000000006,12.136721138759018,4.888762624632126,67240.97700000001,5.91566265060241,4.370354676682432
20,218.4,27.7,53.4,18.0,12.133333333333333,1.5388888888888888,2.966666666666667,High,6049.68,11662.56,1479.1799999999998,High,High,Medium,6049.68,11662.56,1479.1799999999998,0.08241758241758242,0.6498194945848376,0.33707865168539325,299.5,0.7292153589315526,0.09248747913188647,0.17829716193656092,5.3908965478411295,3.3568971227655755,3.996364153861897,47698.560000000005,767.29,2851.56,14.778362561528933,5.263078946776307,323052.912,7.609756097560976,7.307530362578044
21,237.4,5.1,23.5,12.5,18.992,0.408,1.88,Medium_Low,1210.74,5578.900000000001,119.85,High,Medium,Low,1210.74,5578.900000000001,119.85,0.05265374894692502,2.450980392156863,0.5319148936170213,266.0,0.8924812030075188,0.019172932330827067,0.08834586466165413,5.473949935191195,1.8082887711792655,3.1986731175506815,56358.76,26.009999999999998,552.25,15.407790237409127,2.258317958127243,28452.39,38.91803278688525,4.847679857416329
22,13.2,15.9,49.6,5.6,2.357142857142857,2.8392857142857144,8.857142857142858,Low,209.88,654.72,788.64,Low,High,Medium,209.88,654.72,788.64,0.42424242424242425,0.3522012578616352,0.1129032258064516,78.7,0.16772554002541296,0.20203303684879287,0.6302414231257941,2.653241964607215,2.8273136219290276,3.92395157629342,174.23999999999998,252.81,2460.1600000000003,3.63318042491699,3.987480407475377,10410.048,0.7810650887573964,7.042726744663604
23,228.3,16.9,26.2,15.5,14.729032258064517,1.0903225806451613,1.6903225806451612,Medium_High,3858.27,5981.46,442.78,High,Medium,Medium,3858.27,5981.46,442.78,0.06789312308366184,0.9171597633136096,0.5916030534351145,271.40000000000003,0.8411938098747236,0.062269712601326445,0.09653647752394988,5.435031189863859,2.884800712846709,3.3032169733019514,52120.89000000001,285.60999999999996,686.4399999999999,15.109599597606815,4.110960958218893,101086.674,12.75418994413408,5.118593556827891
24,62.3,12.6,18.3,9.7,6.422680412371134,1.2989690721649485,1.88659793814433,Low,784.9799999999999,1140.09,230.58,Low,Low,Low,784.9799999999999,1140.09,230.58,0.15569823434991975,0.7698412698412698,0.5300546448087431,93.19999999999999,0.6684549356223176,0.1351931330472103,0.19635193133047213,4.147885329150131,2.6100697927420065,2.9601050959108397,3881.2899999999995,158.76,334.89000000000004,7.893034904268446,3.5496478698597698,14365.133999999998,4.580882352941177,4.277849927241488
25,262.9,3.5,19.5,12.0,21.90833333333333,0.2916666666666667,1.625,Medium_Low,920.1499999999999,5126.549999999999,68.25,High,Medium,Low,920.1499999999999,5126.549999999999,68.25,0.04564473183720046,3.4285714285714284,0.6153846153846154,285.9,0.9195522910108429,0.01224204267226303,0.06820566631689402,5.575570243509278,1.5040773967762742,3.0204248861443626,69116.40999999999,12.25,380.25,16.214191315017842,1.8708286933869707,17942.924999999996,58.42222222222222,4.415880433163924
26,142.9,29.3,12.6,15.0,9.526666666666667,1.9533333333333334,0.84,Medium_High,4186.97,1800.54,369.18,Medium,Low,Medium,4186.97,1800.54,369.18,0.10496850944716585,0.5119453924914675,1.1904761904761905,184.8,0.7732683982683982,0.15854978354978355,0.06818181818181818,4.969118613893322,3.4111477125153233,2.6100697927420065,20420.41,858.49,158.76,11.954078801814886,5.412947441089743,52755.822,4.7161716171617165,3.5496478698597698
27,240.1,16.7,22.9,15.9,15.10062893081761,1.050314465408805,1.440251572327044,Medium_High,4009.6699999999996,5498.29,382.42999999999995,High,Medium,Medium,4009.6699999999996,5498.29,382.42999999999995,0.06622240733027905,0.9520958083832336,0.6943231441048036,279.7,0.8584197354308187,0.05970682874508402,0.08187343582409724,5.485211785187126,2.8735646395797834,3.173878458937465,57648.009999999995,278.89,524.41,15.49516053482506,4.08656334834051,91821.44299999998,13.564971751412429,4.78539444560216
28,248.8,27.1,22.9,18.9,13.164021164021166,1.433862433862434,1.2116402116402116,High,6742.4800000000005,5697.5199999999995,620.59,High,Medium,Medium,6742.4800000000005,5697.5199999999995,620.59,0.07596463022508038,0.6974169741697416,0.8253275109170306,298.8,0.8326639892904953,0.09069611780455154,0.07663989290495314,5.520660597691477,3.3357695763397,3.173878458937465,61901.44,734.4100000000001,524.41,15.773395322504284,5.205766033928148,154402.792,8.854092526690392,4.78539444560216
29,70.6,16.0,40.8,10.5,6.723809523809523,1.5238095238095237,3.8857142857142852,Medium_Low,1129.6,2880.4799999999996,652.8,Low,High,Medium,1129.6,2880.4799999999996,652.8,0.14872521246458925,0.65625,0.2573529411764706,127.39999999999999,0.554160125588697,0.12558869701726846,0.3202511773940345,4.2710950739666,2.833213344056216,3.7328963395307104,4984.359999999999,256.0,1664.6399999999999,8.402380615040002,4.0,46087.67999999999,4.152941176470588,6.387487769068525
30,292.9,28.3,43.2,21.4,13.686915887850468,1.3224299065420562,2.018691588785047,High,8289.07,12653.28,1222.5600000000002,High,High,Medium,8289.07,12653.28,1222.5600000000002,0.07306247866165927,0.7561837455830388,0.4953703703703703,364.4,0.8037870472008781,0.07766190998902306,0.1185510428100988,5.6832395734248715,3.3775875160230218,3.7887247890836524,85790.40999999999,800.89,1866.2400000000002,17.11432148815722,5.319774431308154,358087.824,9.996587030716723,6.572670690061994
31,112.9,17.4,38.6,11.9,9.487394957983193,1.4621848739495797,3.2436974789915967,Medium_Low,1964.46,4357.9400000000005,671.64,Medium,High,Medium,1964.46,4357.9400000000005,671.64,0.1054030115146147,0.6839080459770116,0.3082901554404145,168.9,0.6684428656009473,0.10301953818827707,0.2285375962107756,4.735320870453137,2.91235066461494,3.6788291182604347,12746.410000000002,302.75999999999993,1489.96,10.625441167311596,4.171330722922842,75828.156,6.1358695652173925,6.212889826803627
32,97.2,1.5,30.0,9.6,10.125,0.15625,3.125,Low,145.8,2916.0,45.0,Medium,Medium,Low,145.8,2916.0,45.0,0.09876543209876543,6.3999999999999995,0.32,128.7,0.7552447552447553,0.011655011655011656,0.23310023310023312,4.58700621536042,0.9162907318741551,3.4339872044851463,9447.84,2.25,900.0,9.85900603509299,1.224744871391589,4374.0,38.88,5.477225575051661
33,265.6,20.0,0.3,17.4,15.264367816091957,1.149425287356322,0.017241379310344827,Medium_High,5312.0,79.68,6.0,High,Low,Medium,5312.0,79.68,6.0,0.06551204819277108,0.8699999999999999,58.0,285.90000000000003,0.9289961525008744,0.06995452955578874,0.0010493179433368309,5.585749407744609,3.044522437723423,0.262364264467491,70543.36000000002,400.0,0.09,16.29723902997069,4.47213595499958,1593.6,12.647619047619049,0.5477225575051661
34,95.7,1.4,7.4,9.5,10.073684210526316,0.14736842105263157,0.7789473684210527,Low,133.98,708.1800000000001,10.36,Low,Low,Low,133.98,708.1800000000001,10.36,0.09926854754440961,6.7857142857142865,1.2837837837837838,104.50000000000001,0.9157894736842104,0.013397129186602868,0.07081339712918659,4.571613402459248,0.8754687373538999,2.128231705849268,9158.49,1.9599999999999997,54.760000000000005,9.78263768111648,1.1832159566199232,991.452,39.875,2.7202941017470885
35,290.7,4.1,8.5,12.8,22.710937499999996,0.32031249999999994,0.6640625,Medium_Low,1191.87,2470.95,34.849999999999994,High,Low,Low,1191.87,2470.95,34.849999999999994,0.04403164774681803,3.1219512195121957,1.5058823529411764,303.3,0.9584569732937684,0.01351796900758325,0.0280250576986482,5.675725876873676,1.62924053973028,2.2512917986064953,84506.48999999999,16.81,72.25,17.049926686059386,2.0248456731316584,10130.894999999999,57.0,2.9154759474226504
36,266.9,43.8,5.0,25.4,10.507874015748031,1.7244094488188977,0.1968503937007874,High,11690.219999999998,1334.5,219.0,High,Low,High,11690.219999999998,1334.5,219.0,0.09516672911202698,0.5799086757990868,5.08,315.7,0.8454228698131137,0.1387393094710168,0.015837820715869498,5.590613776550563,3.8022081394209395,1.791759469228055,71235.60999999999,1918.4399999999998,25.0,16.337074401495514,6.618156843109719,58451.09999999999,5.957589285714286,2.23606797749979
37,74.7,49.4,45.7,14.7,5.081632653061225,3.360544217687075,3.1088435374149666,Medium_High,3690.18,3413.7900000000004,2257.58,Low,High,High,3690.18,3413.7900000000004,2257.58,0.1967871485943775,0.2975708502024291,0.32166301969365424,169.8,0.4399293286219081,0.2909305064782096,0.26914016489988224,4.3267781604434035,3.919991175077323,3.8437441646748516,5580.09,2440.3599999999997,2088.4900000000002,8.64291617453276,7.0285133563222315,168641.226,1.4821428571428572,6.760177512462229
38,43.1,26.7,35.1,10.1,4.267326732673268,2.6435643564356437,3.4752475247524757,Low,1150.77,1512.8100000000002,937.17,Low,Medium,Medium,1150.77,1512.8100000000002,937.17,0.23433874709976796,0.3782771535580524,0.2877492877492877,104.9,0.41086749285033364,0.25452812202097236,0.334604385128694,3.7864597824528,3.3214324131932926,3.586292865338835,1857.6100000000001,712.89,1232.01,6.565059024867941,5.167204273105526,40392.027,1.5559566787003611,5.92452529743945
39,228.0,37.7,32.0,21.5,10.604651162790697,1.7534883720930234,1.4883720930232558,High,8595.6,7296.0,1206.4,High,Medium,High,8595.6,7296.0,1206.4,0.09429824561403509,0.5702917771883289,0.671875,297.7,0.7658716829022506,0.12663755458515286,0.10749076251259658,5.43372200355424,3.655839600035736,3.4965075614664802,51984.0,1421.2900000000002,1024.0,15.0996688705415,6.1400325732035,275059.2,5.891472868217054,5.656854249492381
40,202.5,22.3,31.6,16.6,12.198795180722891,1.3433734939759034,1.9036144578313252,Medium_High,4515.75,6399.0,704.6800000000001,High,Medium,Medium,4515.75,6399.0,704.6800000000001,0.08197530864197532,0.7443946188340808,0.5253164556962026,256.40000000000003,0.7897815912636504,0.08697347893915756,0.12324492979719187,5.31566600488265,3.1484533605716547,3.484312288372662,41006.25,497.29,998.5600000000001,14.230249470757707,4.722287581247038,142697.7,8.690987124463518,5.621387729022079
41,177.0,33.4,38.7,17.1,10.350877192982455,1.9532163742690056,2.263157894736842,Medium_High,5911.8,6849.900000000001,1292.58,Medium,High,High,5911.8,6849.900000000001,1292.58,0.09661016949152543,0.5119760479041917,0.4418604651162791,249.10000000000002,0.7105580088317944,0.13408269771176232,0.1553592934564432,5.181783550292085,3.5380565643793527,3.681351187693145,31329.0,1115.56,1497.6900000000003,13.30413469565007,5.779273310719955,228786.66000000003,5.145348837209302,6.220932405998316
42,293.6,27.7,1.8,20.7,14.183574879227054,1.3381642512077294,0.08695652173913045,High,8132.72,528.48,49.86,High,Low,Medium,8132.72,528.48,49.86,0.07050408719346048,0.7472924187725631,11.5,323.1,0.9086969978334881,0.08573197152584339,0.005571030640668524,5.68561850402853,3.3568971227655755,1.0296194171811581,86200.96,767.29,3.24,17.134759992483115,5.263078946776307,14638.896,10.229965156794426,1.3416407864998738
43,206.9,8.4,26.4,12.9,16.03875968992248,0.6511627906976745,2.0465116279069764,Medium_Low,1737.96,5462.16,221.76,High,Medium,Low,1737.96,5462.16,221.76,0.06234896085065249,1.5357142857142856,0.4886363636363637,241.70000000000002,0.8560198593297476,0.03475382705833678,0.10922631361191558,5.337057194863967,2.2407096892759584,3.3105430133940246,42807.61,70.56,696.9599999999999,14.384018909887459,2.898275349237888,45882.144,22.01063829787234,5.138093031466052
44,25.1,25.7,43.3,8.5,2.9529411764705884,3.023529411764706,5.094117647058823,Low,645.07,1086.83,1112.81,Low,High,Medium,645.07,1086.83,1112.81,0.3386454183266932,0.33073929961089493,0.19630484988452657,94.1,0.26673751328374073,0.2731137088204038,0.46014877789585545,3.261935314328648,3.2846635654062037,3.7909846770510898,630.0100000000001,660.49,1874.8899999999996,5.0099900199501395,5.06951674225463,27931.531,0.9400749063670413,6.58027355054484
45,175.1,22.5,31.5,14.9,11.751677852348992,1.5100671140939597,2.1140939597315436,Medium_High,3939.75,5515.65,708.75,Medium,Medium,Medium,3939.75,5515.65,708.75,0.08509423186750428,0.6622222222222223,0.473015873015873,229.1,0.7642950676560454,0.09821038847664776,0.13749454386730686,5.17105201550216,3.1570004211501135,3.481240089335692,30660.01,506.25,992.25,13.232535660258014,4.743416490252569,124102.125,7.451063829787234,5.612486080160912
46,89.7,9.9,35.7,10.6,8.462264150943398,0.9339622641509434,3.367924528301887,Medium_Low,888.0300000000001,3202.2900000000004,353.43000000000006,Low,Medium,Low,888.0300000000001,3202.2900000000004,353.43000000000006,0.11817168338907469,1.0707070707070707,0.29691876750700275,135.3,0.6629711751662971,0.07317073170731707,0.2638580931263858,4.507557357121091,2.388762789235098,3.6027767550605247,8046.09,98.01,1274.4900000000002,9.47100839404126,3.146426544510455,31702.671000000006,8.229357798165138,5.974947698515862
47,239.9,41.5,18.5,23.2,10.340517241379311,1.788793103448276,0.7974137931034483,High,9955.85,4438.150000000001,767.75,High,Medium,High,9955.85,4438.150000000001,767.75,0.09670696123384744,0.5590361445783132,1.2540540540540541,299.9,0.7999333111037014,0.13837945981994,0.06168722907635879,5.484381909620826,3.7495040759303713,2.970414465569701,57552.01,1722.25,342.25,15.488705562441298,6.442049363362563,184183.225,5.644705882352941,4.301162633521313
48,227.2,15.8,49.9,14.8,15.351351351351349,1.0675675675675675,3.3716216216216215,Medium_High,3589.7599999999998,11337.279999999999,788.42,High,High,Medium,3589.7599999999998,11337.279999999999,788.42,0.06514084507042255,0.9367088607594937,0.2965931863727455,292.9,0.7756913622396723,0.053943325367019464,0.1703653123933083,5.430222437427975,2.8213788864092133,3.929862923556477,51619.84,249.64000000000001,2490.0099999999998,15.073154945133417,3.9749213828703582,179129.02399999998,13.523809523809522,7.063993204979744
49,66.9,11.7,36.8,9.7,6.896907216494847,1.2061855670103092,3.7938144329896906,Low,782.73,2461.92,430.55999999999995,Low,Medium,Low,782.73,2461.92,430.55999999999995,0.1449925261584454,0.829059829059829,0.26358695652173914,115.4,0.5797227036395147,0.10138648180242633,0.3188908145580589,4.21803603456465,2.5416019934645457,3.632309102625542,4475.610000000001,136.89,1354.2399999999998,8.179242018671413,3.420526275297414,28804.464,5.267716535433071,6.06630035524124
50,199.8,3.1,34.6,11.4,17.526315789473685,0.2719298245614035,3.0350877192982457,Medium_Low,619.3800000000001,6913.080000000001,107.26,Medium,Medium,Low,619.3800000000001,6913.080000000001,107.26,0.057057057057057055,3.6774193548387095,0.32947976878612717,237.5,0.8412631578947369,0.01305263157894737,0.1456842105263158,5.302309387817574,1.410986973710262,3.572345637857985,39920.04000000001,9.610000000000001,1197.16,14.135062787267696,1.760681686165901,21430.548000000006,48.73170731707318,5.882176467941097
51,100.4,9.6,3.6,10.7,9.383177570093459,0.897196261682243,0.33644859813084116,Medium_Low,963.84,361.44000000000005,34.56,Medium,Low,Low,963.84,361.44000000000005,34.56,0.10657370517928286,1.1145833333333333,2.972222222222222,113.6,0.8838028169014085,0.08450704225352113,0.03169014084507042,4.619073091157083,2.3608540011180215,1.5260563034950492,10080.160000000002,92.16,12.96,10.019980039900279,3.0983866769659336,3469.824,9.471698113207548,1.8973665961010275
52,216.4,41.7,39.6,22.6,9.575221238938052,1.845132743362832,1.752212389380531,High,9023.880000000001,8569.44,1651.3200000000002,High,High,High,9023.880000000001,8569.44,1651.3200000000002,0.1044362292051756,0.5419664268585132,0.5707070707070707,297.70000000000005,0.7269062814914342,0.1400738998992274,0.13301981860933823,5.381738974687109,3.754198920234579,3.703768066607687,46828.96,1738.8900000000003,1568.16,14.710540438746634,6.457553716385176,357345.64800000004,5.06791569086651,6.29285308902091
53,182.6,46.2,58.7,21.2,8.61320754716981,2.179245283018868,2.768867924528302,High,8436.12,10718.62,2711.9400000000005,Medium,High,High,8436.12,10718.62,2711.9400000000005,0.11610076670317634,0.4588744588744588,0.3611584327086882,287.5,0.6351304347826087,0.16069565217391305,0.20417391304347826,5.21275947818639,3.8543938925915096,4.089332020398556,33342.759999999995,2134.44,3445.6900000000005,13.512956745287095,6.797058187186572,495200.24400000006,3.86864406779661,7.661592523751182
54,262.7,28.8,15.9,20.2,13.004950495049505,1.425742574257426,0.7871287128712872,High,7565.76,4176.93,457.92,High,Low,Medium,7565.76,4176.93,457.92,0.07689379520365436,0.7013888888888888,1.270440251572327,307.4,0.8545868575146389,0.09368900455432662,0.05172413793103449,5.574812093359241,3.3945083935113587,2.8273136219290276,69011.29,829.44,252.81,16.208022704821214,5.366563145999495,120295.584,8.815436241610737,3.987480407475377
55,198.9,49.4,60.0,23.7,8.39240506329114,2.0843881856540083,2.5316455696202533,High,9825.66,11934.0,2964.0,Medium,High,High,9825.66,11934.0,2964.0,0.11915535444947209,0.4797570850202429,0.39499999999999996,308.3,0.645150827116445,0.16023353876094712,0.19461563412260785,5.297817241506355,3.919991175077323,4.110873864173311,39561.21,2440.3599999999997,3600.0,14.10319112825179,7.0285133563222315,589539.6,3.9464285714285716,7.745966692414834
56,7.3,28.1,41.4,5.5,1.3272727272727272,5.109090909090909,7.527272727272727,Low,205.13,302.21999999999997,1163.34,Low,High,Medium,205.13,302.21999999999997,1163.34,0.7534246575342466,0.19572953736654802,0.13285024154589373,76.8,0.09505208333333333,0.3658854166666667,0.5390625,2.1162555148025524,3.370738174177447,3.7471483622379123,53.29,789.6100000000001,1713.9599999999998,2.701851217221259,5.300943312279429,8492.382,0.2508591065292096,6.434283176858165
57,136.2,19.2,16.6,13.2,10.318181818181818,1.4545454545454546,1.2575757575757578,Medium_High,2615.0399999999995,2260.92,318.72,Medium,Low,Medium,2615.0399999999995,2260.92,318.72,0.09691629955947137,0.6875,0.7951807228915662,171.99999999999997,0.7918604651162792,0.1116279069767442,0.09651162790697677,4.921439715291784,3.005682604407159,2.8678989020441064,18550.44,368.64,275.56000000000006,11.670475568716126,4.381780460041329,43409.664,6.742574257425742,4.0743097574926725
58,210.8,49.6,37.7,23.8,8.857142857142858,2.0840336134453783,1.5840336134453783,High,10455.68,7947.160000000001,1869.9200000000003,High,High,High,10455.68,7947.160000000001,1869.9200000000003,0.11290322580645161,0.4798387096774194,0.6312997347480106,298.1,0.7071452532707145,0.1663871184166387,0.12646762831264677,5.355642433167306,3.92395157629342,3.655839600035736,44436.64000000001,2460.1600000000003,1421.2900000000002,14.51895313030523,7.042726744663604,394179.13600000006,4.16600790513834,6.1400325732035
59,210.7,29.5,9.3,18.4,11.45108695652174,1.6032608695652175,0.5054347826086957,High,6215.65,1959.51,274.35,High,Low,Medium,6215.65,1959.51,274.35,0.08732795443758899,0.623728813559322,1.9784946236559138,249.5,0.8444889779559118,0.11823647294589178,0.03727454909819639,5.35517017814082,3.417726683613366,2.33214389523559,44394.49,870.25,86.49000000000001,14.515508947329405,5.431390245600108,57805.545,6.908196721311475,3.0495901363953815
60,53.5,2.0,21.4,8.1,6.604938271604938,0.2469135802469136,2.641975308641975,Low,107.0,1144.8999999999999,42.8,Low,Medium,Low,107.0,1144.8999999999999,42.8,0.1514018691588785,4.05,0.37850467289719625,76.9,0.6957087126137841,0.02600780234070221,0.2782834850455136,3.9982007016691985,1.0986122886681098,3.109060958860994,2862.25,4.0,457.9599999999999,7.314369419163897,1.4142135623730951,2289.7999999999997,17.833333333333332,4.626013402488151
61,261.3,42.7,54.7,24.2,10.797520661157026,1.7644628099173556,2.260330578512397,High,11157.510000000002,14293.11,2335.69,High,High,High,11157.510000000002,14293.11,2335.69,0.09261385380788366,0.5667447306791569,0.4424131627056672,358.7,0.7284638974073042,0.11904098132143855,0.15249512127125733,5.569488886872828,3.7773481021015445,4.019980146933238,68277.69,1823.2900000000002,2992.09,16.16477652180815,6.534523701081817,610315.7970000001,5.979405034324943,7.395944834840239
62,239.3,15.5,27.3,15.7,15.24203821656051,0.9872611464968153,1.7388535031847134,Medium_High,3709.15,6532.89,423.15000000000003,High,Medium,Medium,3709.15,6532.89,423.15000000000003,0.06560802340158796,1.0129032258064516,0.575091575091575,282.1,0.8482807515065579,0.05494505494505494,0.0967741935483871,5.481888142742423,2.803360380906535,3.342861804649192,57264.490000000005,240.25,745.2900000000001,15.469324484281788,3.9370039370059056,101259.795,14.503030303030304,5.224940191045253
63,102.7,29.6,8.4,14.0,7.335714285714286,2.1142857142857143,0.6,Medium_High,3039.92,862.6800000000001,248.64000000000001,Medium,Low,Medium,3039.92,862.6800000000001,248.64000000000001,0.13631937682570594,0.47297297297297297,1.6666666666666665,140.70000000000002,0.7299218194740582,0.21037668798862827,0.059701492537313425,4.641502115235482,3.4210000089583352,2.2407096892759584,10547.29,876.1600000000001,70.56,10.134100848126586,5.440588203494177,25535.328,3.3562091503267975,2.898275349237888
64,131.1,42.8,28.9,18.0,7.283333333333333,2.3777777777777778,1.6055555555555554,High,5611.079999999999,3788.7899999999995,1236.9199999999998,Medium,Medium,High,5611.079999999999,3788.7899999999995,1236.9199999999998,0.13729977116704806,0.42056074766355145,0.6228373702422145,202.79999999999998,0.6464497041420119,0.21104536489151873,0.14250493096646943,4.883559211528279,3.7796338173824005,3.3978584803966405,17187.21,1831.8399999999997,835.2099999999999,11.449890829173874,6.54217089351845,162160.21199999997,2.993150684931507,5.375872022286245
65,69.0,9.3,0.9,9.3,7.419354838709677,1.0,0.0967741935483871,Low,641.7,62.1,8.370000000000001,Low,Low,Low,641.7,62.1,8.370000000000001,0.13478260869565217,1.0,10.333333333333334,79.2,0.8712121212121212,0.11742424242424243,0.011363636363636364,4.248495242049359,2.33214389523559,0.6418538861723948,4761.0,86.49000000000001,0.81,8.306623862918075,3.0495901363953815,577.5300000000001,6.699029126213592,0.9486832980505138
66,31.5,24.6,2.2,9.5,3.3157894736842106,2.5894736842105264,0.23157894736842108,Low,774.9000000000001,69.30000000000001,54.120000000000005,Low,Low,Medium,774.9000000000001,69.30000000000001,54.120000000000005,0.30158730158730157,0.3861788617886179,4.3181818181818175,58.300000000000004,0.5403087478559176,0.42195540308747853,0.03773584905660377,3.481240089335692,3.242592351485517,1.1631508098056809,992.25,605.1600000000001,4.840000000000001,5.612486080160912,4.959838707054898,1704.7800000000004,1.23046875,1.4832396974191326
67,139.3,14.5,10.2,13.4,10.395522388059701,1.0820895522388059,0.7611940298507462,Medium_High,2019.8500000000001,1420.8600000000001,147.89999999999998,Medium,Low,Medium,2019.8500000000001,1420.8600000000001,147.89999999999998,0.09619526202440774,0.9241379310344828,1.3137254901960786,164.0,0.8493902439024391,0.08841463414634146,0.062195121951219505,4.943782987108415,2.740840023925201,2.4159137783010487,19404.49,210.25,104.03999999999999,11.802542099056458,3.8078865529319543,20602.47,8.98709677419355,3.1937438845342623
68,237.4,27.5,11.0,18.9,12.560846560846562,1.4550264550264551,0.5820105820105821,High,6528.5,2611.4,302.5,High,Low,Medium,6528.5,2611.4,302.5,0.07961246840775063,0.6872727272727273,1.718181818181818,275.9,0.8604566872055094,0.0996737948532077,0.03986951794128308,5.473949935191195,3.349904087274605,2.4849066497880004,56358.76,756.25,121.0,15.407790237409127,5.244044240850758,71813.5,8.329824561403509,3.3166247903554
69,216.8,43.9,27.2,22.3,9.721973094170403,1.968609865470852,1.2197309417040358,High,9517.52,5896.96,1194.08,High,Medium,High,9517.52,5896.96,1194.08,0.10285977859778597,0.5079726651480638,0.8198529411764707,287.9,0.753039249739493,0.1524835012156999,0.09447724904480723,5.38357721049886,3.8044377947482086,3.339321977944068,47002.240000000005,1927.2099999999998,739.8399999999999,14.724129855444769,6.6257075093909785,258876.544,4.828507795100223,5.215361924162119
70,199.1,30.6,38.7,18.3,10.879781420765026,1.6721311475409837,2.1147540983606556,High,6092.46,7705.17,1184.2200000000003,Medium,High,Medium,6092.46,7705.17,1184.2200000000003,0.09191361125062783,0.5980392156862745,0.4728682170542636,268.4,0.7418032786885246,0.11400894187779435,0.1441877794336811,5.2988172415896875,3.4531571205928664,3.681351187693145,39640.81,936.3600000000001,1497.6900000000003,14.110279940525631,5.531726674375733,235778.20200000002,6.3006329113924044,6.220932405998316
71,109.8,14.3,31.7,12.4,8.854838709677418,1.153225806451613,2.5564516129032255,Medium_Low,1570.14,3480.66,453.31,Medium,Medium,Low,1570.14,3480.66,453.31,0.11293260473588343,0.8671328671328671,0.3911671924290221,155.79999999999998,0.7047496790757382,0.09178433889602056,0.20346598202824134,4.707726774313183,2.72785282839839,3.487375077903208,12056.039999999999,204.49,1004.89,10.478549517943788,3.7815340802378077,49773.438,7.1764705882352935,5.630275304103699
72,26.8,33.0,19.3,8.8,3.0454545454545454,3.7499999999999996,2.193181818181818,Low,884.4,517.24,636.9,Low,Medium,High,884.4,517.24,636.9,0.3283582089552239,0.26666666666666666,0.45595854922279794,79.1,0.3388116308470291,0.4171934260429836,0.24399494310998737,3.3250360206965914,3.5263605246161616,3.0106208860477417,718.24,1089.0,372.49,5.176871642217914,5.744562646538029,17068.920000000002,0.788235294117647,4.39317652729776
73,129.4,5.7,31.3,11.0,11.763636363636364,0.5181818181818182,2.8454545454545457,Medium_Low,737.58,4050.2200000000003,178.41,Medium,Medium,Low,737.58,4050.2200000000003,178.41,0.08500772797527048,1.9298245614035088,0.3514376996805112,166.4,0.7776442307692307,0.034254807692307696,0.18810096153846154,4.870606649492553,1.9021075263969205,3.475067230228611,16744.36,32.49,979.69,11.3754120804479,2.3874672772626644,23086.254,19.313432835820898,5.594640292279746
74,213.4,24.6,13.1,17.0,12.552941176470588,1.447058823529412,0.7705882352941176,Medium_High,5249.64,2795.54,322.26,High,Low,Medium,5249.64,2795.54,322.26,0.07966260543580131,0.6910569105691057,1.297709923664122,251.1,0.8498606133014736,0.0979689366786141,0.052170450019912384,5.367843429196647,3.242592351485517,2.6461747973841225,45539.560000000005,605.1600000000001,171.60999999999999,14.608216865860118,4.959838707054898,68770.284,8.3359375,3.6193922141707713
75,16.9,43.7,89.4,8.7,1.9425287356321839,5.0229885057471275,10.27586206896552,Low,738.53,1510.86,3906.7800000000007,Low,High,High,738.53,1510.86,3906.7800000000007,0.514792899408284,0.19908466819221965,0.09731543624161072,150.0,0.11266666666666665,0.29133333333333333,0.5960000000000001,2.884800712846709,3.7999735016195233,4.504244267398131,285.60999999999996,1909.6900000000003,7992.360000000001,4.110960958218893,6.610597552415364,66024.582,0.37807606263982096,9.45515732285825
76,27.5,1.6,20.7,6.9,3.9855072463768115,0.2318840579710145,2.9999999999999996,Low,44.0,569.25,33.12,Low,Medium,Low,44.0,569.25,33.12,0.2509090909090909,4.3125,0.33333333333333337,49.8,0.5522088353413654,0.032128514056224904,0.41566265060240964,3.349904087274605,0.9555114450274363,3.077312260546414,756.25,2.5600000000000005,428.48999999999995,5.244044240850758,1.2649110640673518,910.8,10.576923076923077,4.54972526643093
77,120.5,28.5,14.2,14.2,8.485915492957746,2.007042253521127,1.0,Medium_High,3434.25,1711.1,404.7,Medium,Low,Medium,3434.25,1711.1,404.7,0.11784232365145228,0.4982456140350877,1.0,163.2,0.7383578431372549,0.1746323529411765,0.08700980392156862,4.799914262780603,3.3843902633457743,2.7212954278522306,14520.25,812.25,201.64,10.977249200050075,5.338539126015656,48766.35,4.084745762711864,3.7682887362833544
78,5.4,29.9,9.4,5.3,1.0188679245283019,5.6415094339622645,1.7735849056603774,Low,161.46,50.760000000000005,281.06,Low,Low,Medium,161.46,50.760000000000005,281.06,0.9814814814814814,0.17725752508361203,0.5638297872340425,44.699999999999996,0.1208053691275168,0.668903803131991,0.2102908277404922,1.8562979903656263,3.4307561839036995,2.341805806147327,29.160000000000004,894.0099999999999,88.36000000000001,2.32379000772445,5.468089245796926,1517.7240000000002,0.17475728155339806,3.0659419433511785
79,116.0,7.7,23.1,11.0,10.545454545454545,0.7000000000000001,2.1,Medium_Low,893.2,2679.6000000000004,177.87,Medium,Medium,Low,893.2,2679.6000000000004,177.87,0.09482758620689655,1.4285714285714286,0.47619047619047616,146.8,0.7901907356948228,0.052452316076294275,0.15735694822888283,4.762173934797756,2.163323025660538,3.1822118404966093,13456.0,59.290000000000006,533.61,10.770329614269007,2.7748873851023217,20632.920000000002,13.333333333333334,4.806245936279167
80,76.4,26.7,22.3,11.8,6.474576271186441,2.2627118644067794,1.8898305084745761,Medium_Low,2039.88,1703.7200000000003,595.41,Low,Medium,Medium,2039.88,1703.7200000000003,595.41,0.1544502617801047,0.4419475655430712,0.5291479820627802,125.4,0.6092503987240829,0.2129186602870813,0.17783094098883573,4.3489867805956814,3.3214324131932926,3.1484533605716547,5836.960000000001,712.89,497.29,8.740709353364863,5.167204273105526,45489.324,2.7581227436823106,4.722287581247038
81,239.8,4.1,36.9,12.3,19.495934959349594,0.33333333333333326,2.9999999999999996,Medium_Low,983.18,8848.62,151.29,High,Medium,Low,983.18,8848.62,151.29,0.05129274395329441,3.0000000000000004,0.33333333333333337,280.8,0.853988603988604,0.014601139601139599,0.1314102564102564,5.483966713434666,1.62924053973028,3.634951112088381,57504.04000000001,16.81,1361.61,15.485477067239485,2.0248456731316584,36279.342,47.01960784313726,6.074537019394976
82,75.3,20.3,32.5,11.3,6.663716814159291,1.7964601769911503,2.8761061946902653,Medium_Low,1528.59,2447.25,659.75,Low,Medium,Medium,1528.59,2447.25,659.75,0.150066401062417,0.5566502463054187,0.3476923076923077,128.1,0.5878220140515222,0.15846994535519127,0.2537080405932865,4.334672938290411,3.0587070727153796,3.5115454388310208,5670.089999999999,412.09000000000003,1056.25,8.677557259966655,4.505552130427524,49679.174999999996,3.5352112676056335,5.70087712549569
83,68.4,44.5,35.6,13.6,5.029411764705883,3.2720588235294117,2.6176470588235294,Medium_High,3043.8,2435.0400000000004,1584.2,Low,Medium,High,3043.8,2435.0400000000004,1584.2,0.19883040935672514,0.3056179775280899,0.38202247191011235,148.5,0.46060606060606063,0.2996632996632997,0.23973063973063974,4.239886867512759,3.817712325956905,3.6000482404073204,4678.56,1980.25,1267.3600000000001,8.270429251254134,6.670832032063167,108359.28000000001,1.5032967032967035,5.966573556070519
84,213.5,43.0,33.8,21.7,9.838709677419356,1.9815668202764978,1.5576036866359446,High,9180.5,7216.299999999999,1453.3999999999999,High,Medium,High,9180.5,7216.299999999999,1453.3999999999999,0.10163934426229508,0.5046511627906977,0.6420118343195267,290.3,0.735446090251464,0.148122631760248,0.11643127798828797,5.368309738368072,3.784189633918261,3.5496173867804286,45582.25,1849.0,1142.4399999999998,14.611639196202457,6.557438524302,310300.89999999997,4.8522727272727275,5.813776741499453
85,193.2,18.4,65.7,15.2,12.710526315789474,1.2105263157894737,4.322368421052632,Medium_High,3554.8799999999997,12693.24,1208.8799999999999,Medium,High,Medium,3554.8799999999997,12693.24,1208.8799999999999,0.07867494824016563,0.8260869565217391,0.2313546423135464,277.3,0.696718355571583,0.06635412910205553,0.23692751532636133,5.268888555857225,2.9652730660692823,4.200204952921578,37326.24,338.55999999999995,4316.490000000001,13.899640283115243,4.2895221179054435,233555.61599999998,9.958762886597938,8.105553651663778
86,76.3,27.5,16.0,12.0,6.358333333333333,2.2916666666666665,1.3333333333333333,Medium_Low,2098.25,1220.8,440.0,Low,Low,Medium,2098.25,1220.8,440.0,0.15727391874180865,0.43636363636363634,0.75,119.8,0.6368948247078464,0.2295492487479132,0.1335559265442404,4.3476939555933765,3.349904087274605,2.833213344056216,5821.69,756.25,256.0,8.734987120768983,5.244044240850758,33572.0,2.6771929824561402,4.0
87,110.7,40.6,63.2,16.0,6.91875,2.5375,3.95,Medium_High,4494.42,6996.240000000001,2565.92,Medium,High,High,4494.42,6996.240000000001,2565.92,0.14453477868112014,0.3940886699507389,0.2531645569620253,214.5,0.5160839160839161,0.1892773892773893,0.29463869463869463,4.715816706075155,3.728100167267218,4.162003210695915,12254.49,1648.3600000000001,3994.2400000000002,10.52140675005011,6.371812928829597,284047.34400000004,2.661057692307692,7.9498427657407165
88,88.3,25.5,73.4,12.9,6.844961240310077,1.9767441860465116,5.689922480620155,Medium_Low,2251.65,6481.22,1871.7,Low,High,Medium,2251.65,6481.22,1871.7,0.14609286523216308,0.5058823529411764,0.1757493188010899,187.2,0.4716880341880342,0.13621794871794873,0.39209401709401714,4.492001487882454,3.2771447329921766,4.309455941839047,7796.889999999999,650.25,5387.56,9.396807968666806,5.049752469181039,165271.11000000002,3.332075471698113,8.567379996241558
89,109.8,47.8,51.4,16.7,6.574850299401198,2.8622754491017965,3.0778443113772456,Medium_High,5248.44,5643.719999999999,2456.9199999999996,Medium,High,High,5248.44,5643.719999999999,2456.9199999999996,0.15209471766848814,0.3493723849372385,0.32490272373540857,209.0,0.5253588516746411,0.22870813397129186,0.24593301435406698,4.707726774313183,3.8877303128591016,3.9589065913269965,12056.039999999999,2284.8399999999997,2641.96,10.478549517943788,6.913754406977442,269769.816,2.25,7.1693793315739685
90,134.3,4.9,9.3,11.2,11.99107142857143,0.43750000000000006,0.830357142857143,Medium_Low,658.07,1248.9900000000002,45.57000000000001,Medium,Low,Low,658.07,1248.9900000000002,45.57000000000001,0.08339538346984363,2.2857142857142856,1.204301075268817,148.50000000000003,0.9043771043771043,0.03299663299663299,0.06262626262626261,4.907494535176743,1.7749523509116738,2.33214389523559,18036.49,24.010000000000005,86.49000000000001,11.588787684654509,2.2135943621178655,6120.051000000001,22.76271186440678,3.0495901363953815
91,28.6,1.5,33.0,7.3,3.9178082191780823,0.20547945205479454,4.52054794520548,Low,42.900000000000006,943.8000000000001,49.5,Low,Medium,Low,42.900000000000006,943.8000000000001,49.5,0.2552447552447552,4.866666666666666,0.2212121212121212,63.1,0.4532488114104596,0.02377179080824089,0.5229793977812995,3.3877743613300146,0.9162907318741551,3.5263605246161616,817.96,2.25,1089.0,5.347896782848375,1.224744871391589,1415.7000000000003,11.440000000000001,5.744562646538029
92,217.7,33.5,59.0,19.4,11.221649484536083,1.7268041237113403,3.041237113402062,High,7292.95,12844.3,1976.5,High,High,High,7292.95,12844.3,1976.5,0.0891134588883785,0.5791044776119403,0.3288135593220339,310.2,0.7018052869116699,0.10799484203739523,0.1901998710509349,5.387700927682722,3.5409593240373143,4.0943445622221,47393.28999999999,1122.25,3481.0,14.75466028073842,5.787918451395113,430284.05,6.310144927536231,7.681145747868608
93,250.9,36.5,72.3,22.2,11.301801801801803,1.6441441441441442,3.2567567567567566,High,9157.85,18140.07,2638.95,High,High,High,9157.85,18140.07,2638.95,0.08848146671980868,0.6082191780821917,0.3070539419087137,359.7,0.6975257158743398,0.10147345009730331,0.20100083402835697,5.529032183358565,3.624340932976365,4.294560608892605,62950.810000000005,1332.25,5227.29,15.839823231336895,6.041522986797286,662112.555,6.690666666666667,8.502940667792526
94,107.4,14.0,10.9,11.5,9.339130434782609,1.2173913043478262,0.9478260869565218,Medium_Low,1503.6000000000001,1170.66,152.6,Medium,Low,Low,1503.6000000000001,1170.66,152.6,0.10707635009310987,0.8214285714285714,1.055045871559633,132.3,0.8117913832199546,0.10582010582010581,0.08238851095993953,4.685828089005546,2.70805020110221,2.4765384001174837,11534.760000000002,196.0,118.81,10.363397126425292,3.7416573867739413,16389.24,7.16,3.3015148038438356
95,163.3,31.6,52.9,16.9,9.662721893491126,1.8698224852071008,3.1301775147928996,Medium_High,5160.280000000001,8638.57,1671.64,Medium,High,Medium,5160.280000000001,8638.57,1671.64,0.10349050826699324,0.5348101265822784,0.31947069943289225,247.8,0.658999192897498,0.1275221953188055,0.2134786117836965,5.101694025043223,3.484312288372662,3.9871304779149512,26666.890000000003,998.5600000000001,2798.41,12.77888884058391,5.621387729022079,272978.81200000003,5.00920245398773,7.273238618387272
96,197.6,3.5,5.9,11.7,16.88888888888889,0.29914529914529914,0.5042735042735044,Medium_Low,691.6,1165.8400000000001,20.650000000000002,Medium,Low,Low,691.6,1165.8400000000001,20.650000000000002,0.05921052631578947,3.3428571428571425,1.983050847457627,207.0,0.9545893719806763,0.016908212560386472,0.0285024154589372,5.291292751611072,1.5040773967762742,1.9315214116032138,39045.759999999995,12.25,34.81,14.057026712644463,1.8708286933869707,4080.4400000000005,43.91111111111111,2.4289915602982237
97,184.9,21.0,22.0,15.5,11.929032258064517,1.3548387096774193,1.4193548387096775,Medium_High,3882.9,4067.8,462.0,Medium,Medium,Medium,3882.9,4067.8,462.0,0.08382909680908598,0.7380952380952381,0.7045454545454546,227.9,0.8113207547169812,0.09214567792891619,0.09653356735410268,5.225208894727398,3.091042453358316,3.1354942159291497,34188.01,441.0,484.0,13.597793938724031,4.58257569495584,85423.8,8.404545454545454,4.69041575982343
98,289.7,42.3,51.2,25.4,11.405511811023622,1.6653543307086613,2.0157480314960634,High,12254.31,14832.64,2165.7599999999998,High,High,High,12254.31,14832.64,2165.7599999999998,0.08767690714532275,0.6004728132387707,0.49609374999999994,383.2,0.7560020876826722,0.11038622129436325,0.13361169102296452,5.6722918075648305,3.768152635008444,3.955082494888593,83926.09,1789.2899999999997,2621.4400000000005,17.020575783445164,6.5038450166036395,627420.672,6.6905311778291,7.155417527999327
99,135.2,41.7,45.9,17.2,7.8604651162790695,2.424418604651163,2.6686046511627906,Medium_High,5637.84,6205.679999999999,1914.03,Medium,High,High,5637.84,6205.679999999999,1914.03,0.12721893491124261,0.4124700239808153,0.3747276688453159,222.79999999999998,0.6068222621184919,0.18716337522441653,0.20601436265709158,4.9141243937154115,3.754198920234579,3.8480176754522337,18279.039999999997,1738.8900000000003,2106.81,11.627553482998906,6.457553716385176,258776.856,3.166276346604215,6.774953874381729
100,222.4,4.3,49.8,11.7,19.00854700854701,0.36752136752136755,4.256410256410256,Medium_Low,956.3199999999999,11075.52,214.14,High,High,Low,956.3199999999999,11075.52,214.14,0.05260791366906474,2.7209302325581395,0.23493975903614459,276.5,0.8043399638336347,0.015551537070524412,0.18010849909584087,5.4089638866351,1.667706820558076,3.927896354584436,49461.76,18.49,2480.0399999999995,14.913081505845799,2.073644135332772,47624.736,41.9622641509434,7.05691150575094
101,296.4,36.3,100.9,23.8,12.45378151260504,1.5252100840336134,4.239495798319328,High,10759.319999999998,29906.76,3662.67,High,High,High,10759.319999999998,29906.76,3662.67,0.08029689608636978,0.6556473829201103,0.23587710604558967,433.6,0.6835793357933578,0.08371771217712176,0.2327029520295203,5.6950780340260545,3.6189933266497696,4.623991940228679,87852.95999999999,1317.6899999999998,10180.810000000001,17.216271373325874,6.024948132556827,1085615.3879999998,7.946380697050938,10.044899203078147
102,280.2,10.1,21.4,14.8,18.93243243243243,0.6824324324324323,1.4459459459459458,Medium_High,2830.02,5996.28,216.14,High,Medium,Low,2830.02,5996.28,216.14,0.05281941470378302,1.4653465346534655,0.691588785046729,311.7,0.8989412897016362,0.032402951555983314,0.06865575874238049,5.63906615993651,2.4069451083182885,3.109060958860994,78512.04,102.00999999999999,457.9599999999999,16.739175606940744,3.1780497164141406,60562.42799999999,25.243243243243242,4.626013402488151
103,187.9,17.2,17.9,14.7,12.78231292517007,1.1700680272108843,1.217687074829932,Medium_High,3231.88,3363.41,307.87999999999994,Medium,Low,Medium,3231.88,3363.41,307.87999999999994,0.07823310271420968,0.8546511627906976,0.8212290502793297,223.0,0.8426008968609866,0.07713004484304932,0.08026905829596412,5.241217774507464,2.9014215940827497,2.9391619220655967,35306.41,295.84,320.40999999999997,13.70766209096212,4.147288270665544,57850.651999999995,10.324175824175825,4.230839160261236
104,238.2,34.3,5.3,20.7,11.507246376811594,1.6570048309178742,0.2560386473429952,High,8170.259999999999,1262.4599999999998,181.79,High,Low,High,8170.259999999999,1262.4599999999998,181.79,0.08690176322418136,0.6034985422740525,3.9056603773584904,277.8,0.8574514038876889,0.12347012239020877,0.01907847372210223,5.477300022076476,3.563882963939251,1.840549633397487,56739.24,1176.4899999999998,28.09,15.433729296576379,5.856620185738529,43302.378,6.747875354107649,2.3021728866442674
105,137.9,46.4,59.0,19.2,7.182291666666667,2.4166666666666665,3.072916666666667,High,6398.56,8136.1,2737.6,Medium,High,High,6398.56,8136.1,2737.6,0.13923132704858593,0.41379310344827586,0.3254237288135593,243.3,0.5667899712289355,0.19071105630908342,0.24249897246198107,4.933754249760298,3.858622228701031,4.0943445622221,19016.41,2152.96,3481.0,11.74308307047174,6.81175454637056,377515.04000000004,2.909282700421941,7.681145747868608
106,25.0,11.0,29.7,7.2,3.4722222222222223,1.5277777777777777,4.125,Low,275.0,742.5,326.7,Low,Medium,Low,275.0,742.5,326.7,0.28800000000000003,0.6545454545454545,0.24242424242424243,65.7,0.380517503805175,0.167427701674277,0.4520547945205479,3.258096538021482,2.4849066497880004,3.4242626545931514,625.0,121.0,882.0899999999999,5.0,3.3166247903554,8167.5,2.0833333333333335,5.449770637375485
107,90.4,0.3,23.2,8.7,10.39080459770115,0.034482758620689655,2.666666666666667,Low,27.12,2097.28,6.96,Low,Medium,Low,27.12,2097.28,6.96,0.09623893805309733,29.0,0.375,113.9,0.7936786654960492,0.0026338893766461808,0.20368744512730463,4.515245478460105,0.262364264467491,3.186352633162641,8172.160000000001,0.09,538.24,9.50789145920377,0.5477225575051661,629.184,69.53846153846155,4.8166378315169185
108,13.1,0.4,25.6,5.3,2.4716981132075473,0.07547169811320756,4.830188679245284,Low,5.24,335.36,10.240000000000002,Low,Medium,Low,5.24,335.36,10.240000000000002,0.40458015267175573,13.249999999999998,0.20703124999999997,39.1,0.3350383631713555,0.010230179028132993,0.6547314578005116,2.6461747973841225,0.33647223662121295,3.2809112157876537,171.60999999999999,0.16000000000000003,655.3600000000001,3.6193922141707713,0.6324555320336759,134.144,9.357142857142858,5.059644256269407
109,255.4,26.9,5.5,19.8,12.8989898989899,1.3585858585858586,0.2777777777777778,High,6870.26,1404.7,147.95,High,Low,Medium,6870.26,1404.7,147.95,0.07752545027407988,0.7360594795539034,3.6,287.8,0.8874218207088256,0.09346768589298123,0.01911049339819319,5.546738725046515,3.32862668882732,1.8718021769015913,65229.16,723.6099999999999,30.25,15.981239000778382,5.186520991955976,37786.43,9.154121863799284,2.345207879911715
110,225.8,8.2,56.5,13.4,16.850746268656717,0.6119402985074626,4.2164179104477615,Medium_High,1851.56,12757.7,463.29999999999995,High,High,Low,1851.56,12757.7,463.29999999999995,0.05934455270150576,1.6341463414634148,0.23716814159292035,290.5,0.7772805507745267,0.02822719449225473,0.1944922547332186,5.4240685718535975,2.2192034840549946,4.051784947803305,50985.64000000001,67.24,3192.25,15.026643005009468,2.8635642126552705,104613.14,24.54347826086957,7.516648189186454
111,241.7,38.0,23.2,21.8,11.08715596330275,1.7431192660550459,1.0642201834862384,High,9184.6,5607.44,881.6,High,Medium,High,9184.6,5607.44,881.6,0.09019445593711213,0.5736842105263158,0.9396551724137931,302.9,0.7979531198415318,0.12545394519643446,0.07659293496203368,5.491826112732555,3.6635616461296463,3.186352633162641,58418.88999999999,1444.0,538.24,15.546703830716014,6.164414002968976,213082.72,6.197435897435897,4.8166378315169185
112,175.7,15.4,2.4,14.1,12.460992907801417,1.0921985815602837,0.1702127659574468,Medium_High,2705.7799999999997,421.67999999999995,36.96,Medium,Low,Medium,2705.7799999999997,421.67999999999995,36.96,0.08025042686397268,0.9155844155844155,5.875,193.5,0.9080103359173126,0.07958656330749354,0.012403100775193798,5.174453379325651,2.797281334830153,1.2237754316221157,30870.489999999994,237.16000000000003,5.76,13.255187663703596,3.924283374069717,6493.871999999999,10.713414634146341,1.5491933384829668
113,209.6,20.6,10.7,15.9,13.182389937106917,1.2955974842767297,0.6729559748427673,Medium_High,4317.76,2242.72,220.42,High,Low,Medium,4317.76,2242.72,220.42,0.0758587786259542,0.7718446601941747,1.485981308411215,240.89999999999998,0.8700705687007058,0.08551266085512663,0.044416770444167704,5.349960599699875,3.0726933146901194,2.4595888418037104,43932.159999999996,424.36000000000007,114.48999999999998,14.477568856683085,4.538722287164087,46200.032,9.703703703703702,3.271085446759225
114,78.2,46.8,34.5,14.6,5.356164383561644,3.2054794520547945,2.363013698630137,Medium_High,3659.7599999999998,2697.9,1614.6,Low,Medium,High,3659.7599999999998,2697.9,1614.6,0.1867007672634271,0.31196581196581197,0.42318840579710143,159.5,0.490282131661442,0.2934169278996865,0.21630094043887146,4.37197629882038,3.86702563949741,3.56953269648137,6115.240000000001,2190.24,1190.25,8.843076387773658,6.841052550594828,126261.71999999999,1.6359832635983265,5.873670062235365
115,75.1,35.0,52.7,12.6,5.9603174603174605,2.7777777777777777,4.182539682539683,Medium_Low,2628.5,3957.77,1844.5,Low,High,High,2628.5,3957.77,1844.5,0.16777629826897472,0.36,0.23908918406072105,162.8,0.4613022113022112,0.21498771498771496,0.3237100737100737,4.33204826486764,3.58351893845611,3.983413001514819,5640.009999999999,1225.0,2777.2900000000004,8.666025617317317,5.916079783099616,138521.95,2.086111111111111,7.259476565152615
116,139.2,14.3,25.6,12.2,11.40983606557377,1.1721311475409837,2.098360655737705,Medium_Low,1990.56,3563.52,366.08000000000004,Medium,Medium,Low,1990.56,3563.52,366.08000000000004,0.08764367816091954,0.853146853146853,0.47656249999999994,179.1,0.7772194304857621,0.07984366275823562,0.14293690675600224,4.94306997460049,2.72785282839839,3.2809112157876537,19376.639999999996,204.49,655.3600000000001,11.7983049630021,3.7815340802378077,50958.336,9.098039215686274,5.059644256269407
117,76.4,0.8,14.8,9.4,8.127659574468085,0.0851063829787234,1.574468085106383,Low,61.120000000000005,1130.72,11.840000000000002,Low,Low,Low,61.120000000000005,1130.72,11.840000000000002,0.12303664921465968,11.75,0.6351351351351351,92.0,0.8304347826086957,0.008695652173913044,0.16086956521739132,4.3489867805956814,0.5877866649021191,2.760009940032921,5836.960000000001,0.6400000000000001,219.04000000000002,8.740709353364863,0.8944271909999159,904.5760000000001,42.44444444444445,3.847076812334269
118,125.7,36.9,79.2,15.9,7.90566037735849,2.320754716981132,4.981132075471698,Medium_High,4638.33,9955.44,2922.48,Medium,High,High,4638.33,9955.44,2922.48,0.12649164677804295,0.43089430894308944,0.20075757575757575,241.8,0.5198511166253101,0.15260545905707196,0.32754342431761785,4.841822087327094,3.634951112088381,4.384523514872469,15800.490000000002,1361.61,6272.64,11.211601134539169,6.074537019394976,367355.73600000003,3.316622691292876,8.899438184514796
119,19.4,16.0,22.3,6.6,2.9393939393939394,2.4242424242424243,3.378787878787879,Low,310.4,432.62,356.8,Low,Medium,Medium,310.4,432.62,356.8,0.3402061855670103,0.4125,0.2959641255605381,57.7,0.33622183708838815,0.2772963604852686,0.38648180242634317,3.0155349008501706,2.833213344056216,3.1484533605716547,376.35999999999996,256.0,497.29,4.404543109109048,4.0,6921.92,1.1411764705882352,4.722287581247038
120,141.3,26.8,46.2,15.5,9.116129032258065,1.729032258064516,2.980645161290323,Medium_High,3786.8400000000006,6528.060000000001,1238.16,Medium,High,Medium,3786.8400000000006,6528.060000000001,1238.16,0.10969568294409057,0.5783582089552238,0.33549783549783546,214.3,0.6593560429304713,0.1250583294447037,0.21558562762482503,4.957937505095806,3.3250360206965914,3.8543938925915096,19965.690000000002,718.24,2134.44,11.88696765369537,5.176871642217914,174952.00800000003,5.08273381294964,6.797058187186572
121,18.8,21.7,50.4,7.0,2.685714285714286,3.1,7.2,Low,407.96,947.52,1093.6799999999998,Low,High,Medium,407.96,947.52,1093.6799999999998,0.3723404255319149,0.3225806451612903,0.1388888888888889,90.9,0.2068206820682068,0.2387238723872387,0.5544554455445544,2.9856819377004897,3.122364924487357,3.9396381724611196,353.44000000000005,470.89,2540.16,4.33589667773576,4.658325879540846,20561.183999999997,0.828193832599119,7.0992957397195395
122,224.0,2.4,15.6,11.6,19.310344827586206,0.20689655172413793,1.3448275862068966,Medium_Low,537.6,3494.4,37.44,High,Low,Low,537.6,3494.4,37.44,0.05178571428571428,4.833333333333333,0.7435897435897436,242.0,0.9256198347107438,0.009917355371900825,0.06446280991735537,5.41610040220442,1.2237754316221157,2.8094026953624978,50176.0,5.76,243.35999999999999,14.966629547095765,1.5491933384829668,8386.56,65.88235294117648,3.9496835316262997
123,123.1,34.6,12.4,15.2,8.098684210526315,2.2763157894736845,0.8157894736842106,Medium_High,4259.26,1526.44,429.04,Medium,Low,High,4259.26,1526.44,429.04,0.12347684809098294,0.43930635838150284,1.225806451612903,170.1,0.7236919459141681,0.20340975896531455,0.07289829512051735,4.821087692210561,3.572345637857985,2.5952547069568657,15153.609999999999,1197.16,153.76000000000002,11.095043938624128,5.882176467941097,52814.82400000001,3.4578651685393256,3.521363372331802
124,229.5,32.3,74.2,19.7,11.649746192893401,1.6395939086294415,3.7664974619289344,High,7412.849999999999,17028.9,2396.66,High,High,High,7412.849999999999,17028.9,2396.66,0.08583877995642701,0.6099071207430341,0.2654986522911051,336.0,0.6830357142857143,0.09613095238095237,0.22083333333333335,5.440250862436703,3.505557396986398,4.320151230955794,52670.25,1043.2899999999997,5505.64,15.149257407543116,5.683308895353129,550033.47,6.891891891891892,8.613942186943213
125,87.2,11.8,25.9,10.6,8.226415094339623,1.1132075471698115,2.443396226415094,Medium_Low,1028.96,2258.48,305.62,Low,Medium,Low,1028.96,2258.48,305.62,0.12155963302752293,0.8983050847457626,0.4092664092664093,124.9,0.6981585268214572,0.0944755804643715,0.20736589271417133,4.4796069630127455,2.5494451709255714,3.292126286607793,7603.84,139.24,670.81,9.338094023943002,3.4351128074635335,26650.064,6.8125,5.089204259999788
126,7.8,38.9,50.6,6.6,1.1818181818181819,5.8939393939393945,7.666666666666667,Low,303.41999999999996,394.68,1968.34,Low,High,High,303.41999999999996,394.68,1968.34,0.8461538461538461,0.16966580976863752,0.13043478260869565,97.3,0.08016443987667009,0.3997944501541624,0.5200411099691675,2.174751721484161,3.686376323895818,3.9435216724875173,60.839999999999996,1513.2099999999998,2560.36,2.792848008753788,6.23698645180507,15353.051999999998,0.19548872180451127,7.113367697511496
127,80.2,0.0,9.2,8.8,9.113636363636363,0.0,1.0454545454545452,Low,0.0,737.8399999999999,0.0,Low,Low,Low,0.0,737.8399999999999,0.0,0.10972568578553617,inf,0.9565217391304349,89.4,0.8970917225950783,0.0,0.10290827740492169,4.396915247167632,0.0,2.322387720290225,6432.040000000001,0.0,84.63999999999999,8.955445270895245,0.0,0.0,80.2,3.03315017762062
128,220.3,49.0,3.2,24.7,8.919028340080972,1.9838056680161944,0.12955465587044535,High,10794.7,704.96,156.8,High,Low,High,10794.7,704.96,156.8,0.11211983658647298,0.5040816326530612,7.718749999999999,272.5,0.8084403669724771,0.1798165137614679,0.011743119266055046,5.399519247057004,3.912023005428146,1.4350845252893227,48532.090000000004,2401.0,10.240000000000002,14.842506526863986,7.0,34543.04,4.406000000000001,1.7888543819998317
129,59.6,12.0,43.1,9.7,6.144329896907217,1.2371134020618557,4.443298969072165,Low,715.2,2568.76,517.2,Low,High,Low,715.2,2568.76,517.2,0.16275167785234898,0.8083333333333332,0.2250580046403712,114.69999999999999,0.5196163905841326,0.10462074978204011,0.37576285963382744,4.104294893075269,2.5649493574615367,3.7864597824528,3552.1600000000003,144.0,1857.6100000000001,7.720103626247513,3.4641016151377544,30825.120000000003,4.584615384615384,6.565059024867941
130,0.7,39.6,8.7,1.6,0.43749999999999994,24.75,5.437499999999999,Low,27.72,6.089999999999999,344.52,Low,Low,High,27.72,6.089999999999999,344.52,2.285714285714286,0.04040404040404041,0.18390804597701152,49.0,0.014285714285714285,0.8081632653061225,0.17755102040816326,0.5306282510621704,3.703768066607687,2.272125885509337,0.48999999999999994,1568.16,75.68999999999998,0.8366600265340756,6.29285308902091,241.16399999999996,0.017241379310344827,2.949576240750525
131,265.2,2.9,43.0,12.7,20.88188976377953,0.2283464566929134,3.3858267716535435,Medium_Low,769.0799999999999,11403.6,124.7,High,High,Low,769.0799999999999,11403.6,124.7,0.04788838612368024,4.379310344827586,0.29534883720930233,311.09999999999997,0.8524590163934427,0.00932176149148184,0.13821922211507556,5.5842479059610115,1.3609765531356006,3.784189633918261,70331.04,8.41,1849.0,16.284962388657824,1.70293863659264,33070.439999999995,68.0,6.557438524302
132,8.4,27.2,2.1,5.7,1.4736842105263157,4.771929824561403,0.3684210526315789,Low,228.48,17.64,57.12,Low,Low,Medium,228.48,17.64,57.12,0.6785714285714286,0.20955882352941177,2.7142857142857144,37.7,0.22281167108753314,0.7214854111405835,0.055702917771883284,2.2407096892759584,3.339321977944068,1.1314021114911006,70.56,739.8399999999999,4.41,2.898275349237888,5.215361924162119,479.808,0.29787234042553196,1.449137674618944
133,219.8,33.5,45.1,19.6,11.214285714285714,1.7091836734693877,2.3010204081632653,High,7363.3,9912.980000000001,1510.8500000000001,High,High,High,7363.3,9912.980000000001,1510.8500000000001,0.089171974522293,0.5850746268656717,0.434589800443459,298.40000000000003,0.7365951742627346,0.11226541554959785,0.15113941018766755,5.39725731440294,3.5409593240373143,3.8308129500026027,48312.04000000001,1122.25,2034.0100000000002,14.825653442597396,5.787918451395113,332084.83,6.371014492753623,6.715653356152326
134,36.9,38.6,65.6,10.8,3.4166666666666665,3.574074074074074,6.0740740740740735,Medium_Low,1424.34,2420.64,2532.16,Low,High,High,1424.34,2420.64,2532.16,0.29268292682926833,0.27979274611398963,0.16463414634146345,141.1,0.261516654854713,0.2735648476257973,0.4649184975194897,3.634951112088381,3.6788291182604347,4.198704577546343,1361.61,1489.96,4303.36,6.074537019394976,6.212889826803627,93436.70399999998,0.9318181818181818,8.099382692526634
135,48.3,47.0,8.5,11.6,4.163793103448276,4.051724137931035,0.7327586206896552,Medium_Low,2270.1,410.54999999999995,399.5,Low,Low,High,2270.1,410.54999999999995,399.5,0.2401656314699793,0.24680851063829787,1.3647058823529412,103.8,0.46531791907514447,0.4527938342967245,0.08188824662813102,3.8979240810486444,3.871201010907891,2.2512917986064953,2332.89,2209.0,72.25,6.9498201415576215,6.855654600401044,19295.85,1.0062499999999999,2.9154759474226504
136,25.6,39.0,9.3,9.5,2.694736842105263,4.105263157894737,0.9789473684210527,Low,998.4000000000001,238.08000000000004,362.70000000000005,Low,Low,High,998.4000000000001,238.08000000000004,362.70000000000005,0.37109375,0.24358974358974358,1.021505376344086,73.89999999999999,0.3464140730717186,0.5277401894451963,0.12584573748308528,3.2809112157876537,3.6888794541139363,2.33214389523559,655.3600000000001,1521.0,86.49000000000001,5.059644256269407,6.244997998398398,9285.12,0.64,3.0495901363953815
137,273.7,28.9,59.7,20.8,13.158653846153845,1.3894230769230769,2.870192307692308,High,7909.929999999999,16339.89,1725.33,High,High,Medium,7909.929999999999,16339.89,1725.33,0.07599561563755938,0.7197231833910035,0.34840871021775544,362.29999999999995,0.7554512834667403,0.07976814794369308,0.1647805685895667,5.615679593101228,3.3978584803966405,4.1059436980654525,74911.68999999999,835.2099999999999,3564.09,16.543881044059763,5.375872022286245,472222.821,9.153846153846153,7.726577508832744
138,43.0,25.9,20.5,9.6,4.479166666666667,2.6979166666666665,2.135416666666667,Low,1113.7,881.5,530.9499999999999,Low,Medium,Medium,1113.7,881.5,530.9499999999999,0.22325581395348837,0.37065637065637064,0.46829268292682924,89.4,0.4809843400447427,0.2897091722595078,0.22930648769574943,3.784189633918261,3.292126286607793,3.068052935133617,1849.0,670.81,420.25,6.557438524302,5.089204259999788,22830.850000000002,1.5985130111524164,4.527692569068709
139,184.9,43.9,1.7,20.7,8.932367149758454,2.1207729468599035,0.0821256038647343,High,8117.11,314.33,74.63,Medium,Low,High,8117.11,314.33,74.63,0.11195240670632774,0.4715261958997722,12.176470588235293,230.5,0.8021691973969631,0.19045553145336225,0.00737527114967462,5.225208894727398,3.8044377947482086,0.9932517730102833,34188.01,1927.2099999999998,2.8899999999999997,13.597793938724031,6.6257075093909785,13799.087,4.11804008908686,1.3038404810405297
140,73.4,17.0,12.9,10.9,6.73394495412844,1.5596330275229358,1.18348623853211,Medium_Low,1247.8000000000002,946.8600000000001,219.3,Low,Low,Medium,1247.8000000000002,946.8600000000001,219.3,0.14850136239782016,0.6411764705882353,0.8449612403100776,103.30000000000001,0.7105517909002904,0.16456921587608905,0.12487899322362052,4.309455941839047,2.8903717578961645,2.631888840136646,5387.56,289.0,166.41,8.567379996241558,4.123105625617661,16096.620000000003,4.077777777777778,3.591656999213594
141,193.7,35.4,75.6,19.2,10.088541666666666,1.84375,3.9375,High,6856.98,14643.719999999998,2676.24,Medium,High,High,6856.98,14643.719999999998,2676.24,0.09912235415591121,0.5423728813559322,0.25396825396825395,304.7,0.6357072530357729,0.11617984903183459,0.2481128979323925,5.271459912378154,3.594568774642695,4.338597076746545,37519.689999999995,1253.1599999999999,5715.359999999999,13.917614738165444,5.9497899122574065,518387.6879999999,5.321428571428571,8.694826047713663
142,220.5,33.2,37.9,20.1,10.970149253731343,1.6517412935323383,1.8855721393034823,High,7320.6,8356.949999999999,1258.28,High,High,High,7320.6,8356.949999999999,1258.28,0.09115646258503401,0.6054216867469879,0.5303430079155673,291.59999999999997,0.756172839506173,0.11385459533607684,0.12997256515775035,5.40042258948519,3.5322256440685598,3.6609942506244004,48620.25,1102.2400000000002,1436.4099999999999,14.849242404917497,5.761944116355173,277450.74,6.447368421052631,6.156297588648554
143,104.6,5.7,34.4,10.4,10.057692307692307,0.5480769230769231,3.3076923076923075,Medium_Low,596.22,3598.24,196.07999999999998,Medium,Medium,Low,596.22,3598.24,196.07999999999998,0.0994263862332696,1.8245614035087718,0.3023255813953489,144.7,0.7228749136143746,0.03939184519695923,0.2377332411886662,4.659658371272161,1.9021075263969205,3.5667118201397288,10941.159999999998,32.49,1183.36,10.227414140436476,2.3874672772626644,20509.968,15.611940298507461,5.865151319446072
144,96.2,14.8,38.9,11.4,8.43859649122807,1.2982456140350878,3.4122807017543857,Medium_Low,1423.7600000000002,3742.18,575.72,Medium,High,Medium,1423.7600000000002,3742.18,575.72,0.11850311850311851,0.7702702702702703,0.2930591259640103,149.9,0.6417611741160774,0.09873248832555037,0.2595063375583722,4.576770711466393,2.760009940032921,3.686376323895818,9254.44,219.04000000000002,1513.2099999999998,9.808159868191384,3.847076812334269,55384.264,6.0886075949367084,6.23698645180507
145,140.3,1.9,9.0,10.3,13.62135922330097,0.1844660194174757,0.8737864077669902,Low,266.57,1262.7,17.099999999999998,Medium,Low,Low,266.57,1262.7,17.099999999999998,0.07341411261582323,5.421052631578948,1.1444444444444446,151.20000000000002,0.9279100529100529,0.012566137566137564,0.05952380952380952,4.950885289690482,1.0647107369924282,2.302585092994046,19684.090000000004,3.61,81.0,11.844830095868831,1.378404875209022,2399.13,48.379310344827594,3.0
146,240.1,7.3,8.7,13.2,18.18939393939394,0.5530303030303031,0.6590909090909091,Medium_High,1752.73,2088.87,63.50999999999999,High,Low,Low,1752.73,2088.87,63.50999999999999,0.05497709287796751,1.8082191780821917,1.517241379310345,256.1,0.9375244045294806,0.02850449043342444,0.03397110503709488,5.485211785187126,2.1162555148025524,2.272125885509337,57648.009999999995,53.29,75.68999999999998,15.49516053482506,2.701851217221259,15248.750999999998,28.92771084337349,2.949576240750525
147,243.2,49.0,44.3,25.4,9.5748031496063,1.9291338582677167,1.7440944881889764,High,11916.8,10773.759999999998,2170.7,High,High,High,11916.8,10773.759999999998,2170.7,0.10444078947368421,0.5183673469387755,0.5733634311512416,336.5,0.7227340267459138,0.14561664190193166,0.13164933135215454,5.497987561676604,3.912023005428146,3.8133070324889884,59146.24,2401.0,1962.4899999999998,15.594870951694341,7.0,527914.24,4.864,6.6558245169174945
148,38.0,40.3,11.9,10.9,3.4862385321100917,3.697247706422018,1.091743119266055,Medium_Low,1531.3999999999999,452.2,479.57,Low,Low,High,1531.3999999999999,452.2,479.57,0.2868421052631579,0.27047146401985117,0.9159663865546218,90.2,0.4212860310421286,0.44678492239467843,0.1319290465631929,3.6635616461296463,3.720862499966987,2.5572273113676265,1444.0,1624.0899999999997,141.61,6.164414002968976,6.348228099241551,18223.66,0.9200968523002422,3.449637662132068
149,44.7,25.8,20.6,10.1,4.425742574257426,2.5544554455445545,2.0396039603960396,Low,1153.2600000000002,920.8200000000002,531.48,Low,Medium,Medium,1153.2600000000002,920.8200000000002,531.48,0.22595078299776283,0.39147286821705424,0.4902912621359223,91.1,0.490669593852909,0.283205268935236,0.22612513721185512,3.822098297900159,3.288401887516811,3.0726933146901194,1998.0900000000001,665.64,424.36000000000007,6.685805860178712,5.079370039680118,23757.156000000006,1.6679104477611941,4.538722287164087
150,280.7,13.9,37.0,16.1,17.43478260869565,0.8633540372670807,2.2981366459627326,Medium_High,3901.73,10385.9,514.3000000000001,High,Medium,Low,3901.73,10385.9,514.3000000000001,0.057356608478803,1.1582733812949642,0.4351351351351352,331.59999999999997,0.8465018094089265,0.04191797346200242,0.11158021712907118,5.640842674882327,2.7013612129514133,3.6375861597263857,78792.48999999999,193.21,1369.0,16.754103974847474,3.7282703764614498,144364.01,18.838926174496642,6.082762530298219
151,121.0,8.4,48.7,11.6,10.431034482758621,0.7241379310344828,4.198275862068966,Medium_Low,1016.4000000000001,5892.700000000001,409.08000000000004,Medium,High,Low,1016.4000000000001,5892.700000000001,409.08000000000004,0.09586776859504131,1.380952380952381,0.2381930184804928,178.10000000000002,0.6793935991016282,0.047164514317798986,0.27344188658057267,4.804021044733257,2.2407096892759584,3.906004933102583,14641.0,70.56,2371.69,11.0,2.898275349237888,49498.68000000001,12.872340425531915,6.978538528947161
152,197.6,23.3,14.2,16.6,11.903614457831324,1.4036144578313252,0.8554216867469878,Medium_High,4604.08,2805.9199999999996,330.86,Medium,Low,Medium,4604.08,2805.9199999999996,330.86,0.08400809716599192,0.7124463519313305,1.1690140845070425,235.1,0.8404934070608252,0.09910676307954062,0.0603998298596342,5.291292751611072,3.190476350346503,2.7212954278522306,39045.759999999995,542.89,201.64,14.057026712644463,4.8270073544588685,65377.935999999994,8.131687242798353,3.7682887362833544
153,171.3,39.7,37.7,19.0,9.015789473684212,2.0894736842105264,1.9842105263157896,High,6800.610000000001,6458.010000000001,1496.6900000000003,Medium,High,High,6800.610000000001,6458.010000000001,1496.6900000000003,0.11091652072387623,0.4785894206549118,0.5039787798408488,248.7,0.6887816646562124,0.1596300763972658,0.15158825894652192,5.149237143533884,3.7062280924485496,3.655839600035736,29343.690000000002,1576.0900000000001,1421.2900000000002,13.08816259067712,6.300793600809346,256382.99700000003,4.208845208845209,6.1400325732035
154,187.8,21.1,9.5,15.6,12.03846153846154,1.3525641025641026,0.608974358974359,Medium_High,3962.5800000000004,1784.1000000000001,200.45000000000002,Medium,Low,Medium,3962.5800000000004,1784.1000000000001,200.45000000000002,0.08306709265175719,0.7393364928909952,1.6421052631578947,218.4,0.8598901098901099,0.09661172161172162,0.043498168498168496,5.240688253711401,3.095577608523707,2.3513752571634776,35268.840000000004,445.21000000000004,90.25,13.70401401050072,4.5934736311423405,37644.51,8.497737556561086,3.082207001484488
155,4.1,11.6,5.7,3.2,1.2812499999999998,3.6249999999999996,1.78125,Low,47.559999999999995,23.369999999999997,66.12,Low,Low,Low,47.559999999999995,23.369999999999997,66.12,0.7804878048780489,0.27586206896551724,0.5614035087719298,21.4,0.19158878504672897,0.5420560747663552,0.2663551401869159,1.62924053973028,2.533696813957432,1.9021075263969205,16.81,134.56,32.49,2.0248456731316584,3.40587727318528,271.092,0.32539682539682535,2.3874672772626644
156,93.9,43.5,50.5,15.3,6.137254901960785,2.8431372549019605,3.3006535947712417,Medium_High,4084.65,4741.950000000001,2196.75,Low,High,High,4084.65,4741.950000000001,2196.75,0.16293929712460065,0.3517241379310345,0.30297029702970296,187.9,0.49973390101117615,0.23150612027674294,0.2687599787120809,4.552823705615882,3.7954891891721947,3.9415818076696905,8817.210000000001,1892.25,2550.25,9.690201236300513,6.59545297913646,206274.825,2.1101123595505618,7.106335201775948
157,149.8,1.3,24.3,10.1,14.831683168316834,0.12871287128712872,2.4059405940594063,Low,194.74,3640.1400000000003,31.590000000000003,Medium,Medium,Low,194.74,3640.1400000000003,31.590000000000003,0.06742323097463283,7.769230769230768,0.4156378600823045,175.40000000000003,0.8540478905359178,0.0074116305587229175,0.13854047890535914,5.015954455573856,0.832909122935104,3.2308043957334744,22440.040000000005,1.6900000000000002,590.49,12.239281024635394,1.140175425099138,4732.182000000001,65.1304347826087,4.929503017546495
158,11.7,36.9,45.2,7.3,1.6027397260273972,5.054794520547945,6.191780821917809,Low,431.72999999999996,528.84,1667.88,Low,High,High,431.72999999999996,528.84,1667.88,0.6239316239316239,0.1978319783197832,0.16150442477876104,93.8,0.12473347547974413,0.39339019189765456,0.4818763326226013,2.5416019934645457,3.634951112088381,3.832979798087693,136.89,1361.61,2043.0400000000002,3.420526275297414,6.074537019394976,19514.196,0.30870712401055406,6.723094525588644
159,131.7,18.4,34.6,12.9,10.209302325581394,1.4263565891472867,2.682170542635659,Medium_Low,2423.2799999999997,4556.82,636.64,Medium,Medium,Medium,2423.2799999999997,4556.82,636.64,0.09794988610478361,0.7010869565217392,0.37283236994219654,184.7,0.7130481862479696,0.0996210070384407,0.18733080671358962,4.888090941338162,2.9652730660692823,3.572345637857985,17344.889999999996,338.55999999999995,1197.16,11.476062042355817,4.2895221179054435,83845.488,6.788659793814433,5.882176467941097
160,172.5,18.1,30.7,14.4,11.979166666666666,1.2569444444444444,2.131944444444444,Medium_High,3122.2500000000005,5295.75,555.6700000000001,Medium,Medium,Medium,3122.2500000000005,5295.75,555.6700000000001,0.08347826086956522,0.7955801104972375,0.4690553745928339,221.29999999999998,0.7794848621780389,0.08178942611839134,0.13872571170356982,5.156177599386914,2.9496883350525844,3.456316680883235,29756.25,327.61000000000007,942.49,13.133925536563698,4.254409477236529,95853.07500000001,9.031413612565444,5.540758070878027
161,85.7,35.8,49.3,13.3,6.443609022556391,2.6917293233082704,3.7067669172932325,Medium_High,3068.06,4225.01,1764.9399999999998,Low,High,High,3068.06,4225.01,1764.9399999999998,0.15519253208868145,0.3715083798882682,0.2697768762677485,170.8,0.5017564402810304,0.20960187353629975,0.2886416861826698,4.462453883786496,3.6054978451748854,3.9180050771056933,7344.490000000001,1281.6399999999999,2430.49,9.257429448826494,5.9833101206606365,151255.35799999998,2.3288043478260874,7.021395872616783
162,188.4,18.1,25.6,14.9,12.644295302013424,1.214765100671141,1.7181208053691275,Medium_High,3410.0400000000004,4823.04,463.36000000000007,Medium,Medium,Medium,3410.0400000000004,4823.04,463.36000000000007,0.07908704883227176,0.8232044198895028,0.58203125,232.1,0.8117190866006032,0.07798362774666093,0.1102972856527359,5.243861180751978,2.9496883350525844,3.2809112157876537,35494.560000000005,327.61000000000007,655.3600000000001,13.725887949418793,4.254409477236529,87297.02400000002,9.863874345549737,5.059644256269407
163,163.5,36.8,7.4,18.0,9.083333333333334,2.0444444444444443,0.41111111111111115,High,6016.799999999999,1209.9,272.32,Medium,Low,High,6016.799999999999,1209.9,272.32,0.11009174311926606,0.48913043478260876,2.4324324324324325,207.70000000000002,0.7871930669234473,0.17717862301396242,0.03562831006259028,5.1029105702054265,3.632309102625542,2.128231705849268,26732.25,1354.2399999999998,54.760000000000005,12.786711852544421,6.06630035524124,44524.32,4.325396825396826,2.7202941017470885
164,117.2,14.7,5.4,11.9,9.84873949579832,1.2352941176470587,0.453781512605042,Medium_Low,1722.84,632.8800000000001,79.38,Medium,Low,Medium,1722.84,632.8800000000001,79.38,0.1015358361774744,0.8095238095238095,2.2037037037037037,137.3,0.8536052439912599,0.10706482155863072,0.03932993445010925,4.772378104971998,2.7536607123542622,1.8562979903656263,13735.84,216.08999999999997,29.160000000000004,10.825894882179487,3.8340579025361627,9303.336,7.464968152866242,2.32379000772445
165,234.5,3.4,84.8,11.9,19.705882352941178,0.2857142857142857,7.126050420168067,Medium_Low,797.3,19885.6,288.32,High,High,Low,797.3,19885.6,288.32,0.05074626865671642,3.5,0.1403301886792453,322.7,0.7266811279826464,0.010536101642392316,0.2627827703749613,5.461710913456472,1.4816045409242156,4.4520190064939165,54990.25,11.559999999999999,7191.04,15.313392831113555,1.8439088914585775,67611.04,53.29545454545454,9.20869154657707
166,17.9,37.6,21.6,8.0,2.2375,4.7,2.7,Low,673.04,386.64,812.1600000000001,Low,Medium,High,673.04,386.64,812.1600000000001,0.446927374301676,0.2127659574468085,0.37037037037037035,77.1,0.23216601815823606,0.4876783398184177,0.28015564202334636,2.9391619220655967,3.653252276470785,3.1179499062782403,320.40999999999997,1413.7600000000002,466.56000000000006,4.230839160261236,6.131883886702357,14537.664,0.46373056994818646,4.6475800154489
167,206.8,5.2,19.4,12.2,16.95081967213115,0.42622950819672134,1.5901639344262295,Medium_Low,1075.3600000000001,4011.92,100.88,High,Medium,Low,1075.3600000000001,4011.92,100.88,0.058994197292069624,2.346153846153846,0.6288659793814433,231.4,0.8936905790838375,0.02247191011235955,0.08383751080380293,5.336576078665127,1.824549292051046,3.0155349008501706,42766.240000000005,27.040000000000003,376.35999999999996,14.38054240979804,2.280350850198276,20861.984,33.35483870967742,4.404543109109048
168,215.4,23.6,57.6,17.1,12.596491228070175,1.3801169590643274,3.3684210526315788,Medium_High,5083.4400000000005,12407.04,1359.3600000000001,High,High,Medium,5083.4400000000005,12407.04,1359.3600000000001,0.07938718662952647,0.7245762711864407,0.296875,296.6,0.7262306136210384,0.07956844234659474,0.19420094403236682,5.377128546972327,3.202746442938317,4.070734696582967,46397.16,556.96,3317.76,14.676511847165866,4.857983120596447,292806.14400000003,8.75609756097561,7.58946638440411
169,284.3,10.6,6.4,15.0,18.953333333333333,0.7066666666666667,0.4266666666666667,Medium_High,3013.58,1819.5200000000002,67.84,High,Low,Low,3013.58,1819.5200000000002,67.84,0.05276116778051354,1.4150943396226416,2.34375,301.3,0.9435778294059077,0.035180882841022235,0.02124128775307003,5.653541258219454,2.451005098112319,2.0014800002101243,80826.49,112.36,40.96000000000001,16.861198059449986,3.255764119219941,19286.912,24.508620689655174,2.5298221281347035
170,50.0,11.6,18.4,8.4,5.9523809523809526,1.380952380952381,2.1904761904761902,Low,580.0,919.9999999999999,213.43999999999997,Low,Medium,Low,580.0,919.9999999999999,213.43999999999997,0.168,0.7241379310344828,0.4565217391304348,80.0,0.625,0.145,0.22999999999999998,3.9318256327243257,2.533696813957432,2.9652730660692823,2500.0,134.56,338.55999999999995,7.0710678118654755,3.40587727318528,10672.0,3.9682539682539684,4.2895221179054435
171,164.5,20.9,47.4,14.5,11.344827586206897,1.4413793103448276,3.268965517241379,Medium_High,3438.0499999999997,7797.3,990.6599999999999,Medium,High,Medium,3438.0499999999997,7797.3,990.6599999999999,0.08814589665653495,0.6937799043062202,0.3059071729957806,232.8,0.706615120274914,0.08977663230240548,0.20360824742268038,5.1089711948171175,3.086486636822455,3.879499813722586,27060.25,436.80999999999995,2246.7599999999998,12.82575533838066,4.571651780264984,162963.56999999998,7.511415525114156,6.884765791223402
172,19.6,20.1,17.0,7.6,2.578947368421053,2.6447368421052633,2.236842105263158,Low,393.96000000000004,333.20000000000005,341.70000000000005,Low,Low,Medium,393.96000000000004,333.20000000000005,341.70000000000005,0.38775510204081626,0.37810945273631835,0.44705882352941173,56.7,0.345679012345679,0.3544973544973545,0.2998236331569665,3.0252910757955354,3.0492730404820207,2.8903717578961645,384.1600000000001,404.01000000000005,289.0,4.427188724235731,4.483302354291979,6697.320000000001,0.9289099526066351,4.123105625617661
173,168.4,7.1,12.8,11.7,14.393162393162395,0.6068376068376068,1.0940170940170941,Medium_Low,1195.6399999999999,2155.52,90.88,Medium,Low,Low,1195.6399999999999,2155.52,90.88,0.06947743467933491,1.647887323943662,0.9140624999999999,188.3,0.8943175783324482,0.03770578863515666,0.06797663303239511,5.132262782217954,2.0918640616783932,2.624668592163159,28358.56,50.41,163.84000000000003,12.976902558006667,2.6645825188948455,15304.192,20.790123456790123,3.5777087639996634
174,222.4,3.4,13.1,11.5,19.33913043478261,0.2956521739130435,1.1391304347826086,Medium_Low,756.16,2913.44,44.54,High,Low,Low,756.16,2913.44,44.54,0.05170863309352518,3.3823529411764706,0.8778625954198473,238.9,0.9309334449560486,0.014231896190874843,0.0548346588530766,5.4089638866351,1.4816045409242156,2.6461747973841225,49461.76,11.559999999999999,171.60999999999999,14.913081505845799,1.8439088914585775,9905.696,50.54545454545454,3.6193922141707713
175,276.9,48.9,41.8,27.0,10.255555555555555,1.8111111111111111,1.548148148148148,High,13540.409999999998,11574.419999999998,2044.0199999999998,High,High,High,13540.409999999998,11574.419999999998,2044.0199999999998,0.09750812567713978,0.5521472392638037,0.645933014354067,367.59999999999997,0.7532644178454843,0.13302502720348205,0.11371055495103373,5.627261336748458,3.910021002757473,3.756538102587751,76673.60999999999,2391.21,1747.2399999999998,16.640312497065672,6.992853494818835,565989.1379999999,5.5490981963927855,6.465291950097845
176,248.4,30.2,20.3,20.2,12.297029702970297,1.495049504950495,1.004950495049505,High,7501.68,5042.52,613.0600000000001,High,Medium,Medium,7501.68,5042.52,613.0600000000001,0.08132045088566828,0.6688741721854304,0.9950738916256157,298.90000000000003,0.8310471729675476,0.10103713616594177,0.06791569086651053,5.519058033245936,3.4404180948154366,3.0587070727153796,61702.560000000005,912.04,412.09000000000003,15.760710643876436,5.495452665613635,152284.10400000002,7.961538461538462,4.505552130427524
177,170.2,7.8,35.2,11.7,14.547008547008547,0.6666666666666667,3.008547008547009,Medium_Low,1327.56,5991.04,274.56,Medium,Medium,Low,1327.56,5991.04,274.56,0.06874265569917744,1.5,0.3323863636363636,213.2,0.798311444652908,0.036585365853658534,0.16510318949343342,5.1428324637076415,2.174751721484161,3.5890591188317256,28968.039999999997,60.839999999999996,1239.0400000000002,13.046072205840346,2.792848008753788,46730.112,19.340909090909086,5.932958789676531
178,276.7,2.3,23.7,11.8,23.44915254237288,0.19491525423728812,2.0084745762711864,Medium_Low,636.41,6557.79,54.50999999999999,High,Medium,Low,636.41,6557.79,54.50999999999999,0.042645464401879295,5.130434782608696,0.4978902953586498,302.7,0.9141063759497853,0.007598282127518996,0.07829534192269574,5.626541394312754,1.1939224684724346,3.2068032436339315,76562.89,5.289999999999999,561.6899999999999,16.63430190900718,1.51657508881031,15082.917,83.84848484848484,4.868264577855234
179,165.6,10.0,17.6,12.6,13.142857142857142,0.7936507936507937,1.396825396825397,Medium_Low,1656.0,2914.56,176.0,Medium,Low,Low,1656.0,2914.56,176.0,0.07608695652173914,1.26,0.7159090909090908,193.2,0.8571428571428572,0.051759834368530024,0.09109730848861285,5.115595729732743,2.3978952727983707,2.9231615807191558,27423.359999999997,100.0,309.76000000000005,12.86856635371633,3.1622776601683795,29145.600000000002,15.054545454545455,4.1952353926806065
180,156.6,2.6,8.3,10.5,14.914285714285715,0.24761904761904763,0.7904761904761906,Medium_Low,407.16,1299.78,21.580000000000002,Medium,Low,Low,407.16,1299.78,21.580000000000002,0.06704980842911877,4.038461538461538,1.2650602409638554,167.5,0.9349253731343283,0.015522388059701494,0.04955223880597015,5.060060177423779,1.2809338454620642,2.2300144001592104,24523.559999999998,6.760000000000001,68.89000000000001,12.513992168768526,1.61245154965971,3379.4280000000003,43.5,2.8809720581775866
181,218.5,5.4,27.4,12.2,17.90983606557377,0.4426229508196722,2.2459016393442623,Medium_Low,1179.9,5986.9,147.96,High,Medium,Low,1179.9,5986.9,147.96,0.05583524027459954,2.259259259259259,0.44525547445255476,251.3,0.8694787107043374,0.02148826104257859,0.10903302825308395,5.391352232515226,1.8562979903656263,3.3463891451671604,47742.25,29.160000000000004,750.7599999999999,14.781745499094482,2.32379000772445,32329.260000000002,34.140625,5.2345009313209605
182,56.2,5.7,29.7,8.7,6.45977011494253,0.6551724137931035,3.4137931034482762,Low,320.34000000000003,1669.14,169.29,Low,Medium,Low,320.34000000000003,1669.14,169.29,0.15480427046263343,1.526315789473684,0.29292929292929293,91.60000000000001,0.6135371179039301,0.06222707423580786,0.32423580786026196,4.046553898385752,1.9021075263969205,3.4242626545931514,3158.4400000000005,32.49,882.0899999999999,7.496665925596525,2.3874672772626644,9514.098,8.388059701492537,5.449770637375485
183,287.6,43.0,71.8,26.2,10.977099236641223,1.6412213740458015,2.7404580152671754,High,12366.800000000001,20649.68,3087.4,High,High,High,12366.800000000001,20649.68,3087.4,0.09109874826147427,0.6093023255813953,0.3649025069637883,402.40000000000003,0.7147117296222664,0.10685884691848906,0.1784294234592445,5.665041646339771,3.784189633918261,4.28771595520264,82713.76000000001,1849.0,5155.24,16.95877354056006,6.557438524302,887936.24,6.536363636363637,8.473488065725943
184,253.8,21.3,30.0,17.6,14.420454545454545,1.2102272727272727,1.7045454545454544,High,5405.9400000000005,7614.0,639.0,High,Medium,Medium,5405.9400000000005,7614.0,639.0,0.06934594168636722,0.8262910798122066,0.5866666666666667,305.1,0.831858407079646,0.06981317600786627,0.0983284169124877,5.540478923698008,3.104586678466073,3.4339872044851463,64414.44,453.69000000000005,900.0,15.931101656822104,4.61519230368573,162178.2,11.38116591928251,5.477225575051661
185,205.0,45.1,19.6,22.6,9.070796460176991,1.995575221238938,0.8672566371681416,High,9245.5,4018.0000000000005,883.96,High,Medium,High,9245.5,4018.0000000000005,883.96,0.11024390243902439,0.5011086474501109,1.153061224489796,269.7,0.7601038190582129,0.16722284019280684,0.07267334074898035,5.327876168789581,3.8308129500026027,3.0252910757955354,42025.0,2034.0100000000002,384.1600000000001,14.317821063276353,6.715653356152326,181211.80000000002,4.4468546637744035,4.427188724235731
186,139.5,2.1,26.6,10.3,13.54368932038835,0.20388349514563106,2.58252427184466,Low,292.95,3710.7000000000003,55.86000000000001,Medium,Medium,Low,292.95,3710.7000000000003,55.86000000000001,0.07383512544802869,4.904761904761905,0.38721804511278196,168.2,0.8293697978596909,0.012485136741973843,0.15814506539833534,4.945207488773801,1.1314021114911006,3.3178157727231046,19460.25,4.41,707.5600000000001,11.811011811017716,1.449137674618944,7792.47,45.0,5.157518783291051
187,191.1,28.7,18.2,17.3,11.046242774566473,1.6589595375722541,1.052023121387283,Medium_High,5484.57,3478.02,522.3399999999999,Medium,Low,Medium,5484.57,3478.02,522.3399999999999,0.09052851909994768,0.6027874564459931,0.9505494505494506,237.99999999999997,0.8029411764705883,0.12058823529411766,0.07647058823529412,5.258016069774511,3.391147045808654,2.954910279033736,36519.21,823.6899999999999,331.23999999999995,13.82389236069205,5.357238094391549,99819.17399999998,6.434343434343434,4.266145801540309
188,286.0,13.9,3.7,15.9,17.9874213836478,0.8742138364779874,0.23270440251572327,Medium_High,3975.4,1058.2,51.43000000000001,High,Low,Low,3975.4,1058.2,51.43000000000001,0.055594405594405594,1.143884892086331,4.297297297297297,303.59999999999997,0.9420289855072465,0.04578392621870883,0.012187088274044798,5.659482215759621,2.7013612129514133,1.547562508716013,81796.0,193.21,13.690000000000001,16.911534525287763,3.7282703764614498,14708.980000000001,19.19463087248322,1.9235384061671346
189,18.7,12.1,23.4,6.7,2.791044776119403,1.8059701492537312,3.4925373134328357,Low,226.26999999999998,437.58,283.14,Low,Medium,Low,226.26999999999998,437.58,283.14,0.358288770053476,0.5537190082644629,0.28632478632478636,54.199999999999996,0.34501845018450183,0.22324723247232472,0.4317343173431734,2.9806186357439426,2.5726122302071057,3.1945831322991562,349.69,146.41,547.56,4.324349662087931,3.478505426185217,5294.717999999999,1.4274809160305344,4.8373546489791295
190,39.5,41.1,5.8,10.8,3.657407407407407,3.8055555555555554,0.537037037037037,Medium_Low,1623.45,229.1,238.38,Low,Low,High,1623.45,229.1,238.38,0.27341772151898736,0.26277372262773724,1.8620689655172415,86.39999999999999,0.457175925925926,0.47569444444444453,0.06712962962962964,3.7013019741124933,3.7400477406883357,1.916922612182061,1560.25,1689.21,33.64,6.284902544988268,6.410928169929843,9416.01,0.9382422802850356,2.4083189157584592
191,75.5,10.8,6.0,9.9,7.626262626262626,1.090909090909091,0.6060606060606061,Low,815.4000000000001,453.0,64.80000000000001,Low,Low,Low,815.4000000000001,453.0,64.80000000000001,0.13112582781456955,0.9166666666666666,1.6500000000000001,92.3,0.8179848320693391,0.11700975081256773,0.06500541711809317,4.33729074083249,2.468099531471619,1.9459101490553132,5700.25,116.64000000000001,36.0,8.689073598491383,3.286335345030997,4892.400000000001,6.398305084745762,2.449489742783178
192,17.2,4.1,31.6,5.9,2.9152542372881354,0.6949152542372881,5.3559322033898304,Low,70.52,543.52,129.56,Low,Medium,Low,70.52,543.52,129.56,0.34302325581395354,1.4390243902439026,0.18670886075949367,52.9,0.32514177693761814,0.0775047258979206,0.5973534971644613,2.9014215940827497,1.62924053973028,3.484312288372662,295.84,16.81,998.5600000000001,4.147288270665544,2.0248456731316584,2228.432,3.372549019607843,5.621387729022079
193,166.8,42.0,3.6,19.6,8.510204081632653,2.142857142857143,0.18367346938775508,High,7005.6,600.48,151.20000000000002,Medium,Low,High,7005.6,600.48,151.20000000000002,0.11750599520383694,0.4666666666666667,5.444444444444445,212.4,0.7853107344632768,0.19774011299435026,0.01694915254237288,5.122772794033106,3.7612001156935624,1.5260563034950492,27822.240000000005,1764.0,12.96,12.915107432770352,6.48074069840786,25220.160000000003,3.8790697674418606,1.8973665961010275
194,149.7,35.6,6.0,17.3,8.653179190751445,2.0578034682080926,0.3468208092485549,Medium_High,5329.32,898.1999999999999,213.60000000000002,Medium,Low,High,5329.32,898.1999999999999,213.60000000000002,0.11556446225784904,0.4859550561797753,2.8833333333333333,191.29999999999998,0.7825405122843702,0.18609513852587561,0.031364349189754316,5.01529110563245,3.6000482404073204,1.9459101490553132,22410.089999999997,1267.3600000000001,36.0,12.235195135346228,5.966573556070519,31975.92,4.090163934426229,2.449489742783178
195,38.2,3.7,13.8,7.6,5.026315789473685,0.48684210526315796,1.8157894736842106,Low,141.34,527.1600000000001,51.06,Low,Low,Low,141.34,527.1600000000001,51.06,0.19895287958115182,2.054054054054054,0.5507246376811593,55.7,0.6858168761220826,0.06642728904847396,0.24775583482944344,3.6686767467964168,1.547562508716013,2.6946271807700692,1459.2400000000002,13.690000000000001,190.44000000000003,6.180614856144977,1.9235384061671346,1950.4920000000002,8.127659574468085,3.714835124201342
196,94.2,4.9,8.1,9.7,9.711340206185568,0.5051546391752578,0.8350515463917526,Low,461.58000000000004,763.02,39.69,Low,Low,Low,461.58000000000004,763.02,39.69,0.10297239915074309,1.9795918367346936,1.1975308641975309,107.2,0.878731343283582,0.0457089552238806,0.07555970149253731,4.55597994179732,1.7749523509116738,2.2082744135228043,8873.640000000001,24.010000000000005,65.61,9.705668446840743,2.2135943621178655,3738.7980000000002,15.966101694915254,2.8460498941515415
197,177.0,9.3,6.4,12.8,13.828125,0.7265625,0.5,Medium_Low,1646.1000000000001,1132.8,59.52000000000001,Medium,Low,Low,1646.1000000000001,1132.8,59.52000000000001,0.07231638418079096,1.3763440860215053,2.0,192.70000000000002,0.918526206538661,0.048261546445251685,0.03321224701608718,5.181783550292085,2.33214389523559,2.0014800002101243,31329.0,86.49000000000001,40.96000000000001,13.30413469565007,3.0495901363953815,10535.04,17.184466019417474,2.5298221281347035
198,283.6,42.0,66.2,25.5,11.121568627450982,1.6470588235294117,2.596078431372549,High,11911.2,18774.320000000003,2780.4,High,High,High,11911.2,18774.320000000003,2780.4,0.08991537376586742,0.6071428571428571,0.38519637462235645,391.8,0.7238386932108218,0.10719754977029096,0.1689637570188872,5.651084685655752,3.7612001156935624,4.207673247529104,80428.96,1764.0,4382.4400000000005,16.84042754801671,6.48074069840786,788521.4400000001,6.595348837209303,8.136338242723197
199,232.1,8.6,8.7,13.4,17.32089552238806,0.6417910447761194,0.6492537313432835,Medium_High,1996.06,2019.2699999999998,74.82,High,Low,Low,1996.06,2019.2699999999998,74.82,0.05773373545885394,1.558139534883721,1.5402298850574714,249.39999999999998,0.9306335204490779,0.034482758620689655,0.03488372093023256,5.4514675460417115,2.2617630984737906,2.272125885509337,53870.409999999996,73.96,75.68999999999998,15.234828518890522,2.932575659723036,17365.721999999998,24.177083333333332,2.949576240750525
